CustomerID,TransactionDate,Category,Revenue
C0001,2025-10-09,Accessories,8.58
C0001,2026-05-02,Snacks,26.78
C0001,2025-11-28,Bakery,25.84
C0001,2026-05-02,Coffee,24.72
C0001,2026-02-09,Accessories,13.51
C0002,2025-09-05,Coffee,6.83
C0002,2026-04-21,Coffee,5.65
C0002,2025-10-30,Coffee,12.34
C0002,2026-02-08,Coffee,16.92
C0002,2026-02-27,Coffee,4.98
C0002,2025-09-05,Coffee,17.21
C0002,2026-04-05,Accessories,12.44
C0003,2025-11-28,Tea,10.07
C0003,2026-06-26,Coffee,14.74
C0003,2026-04-22,Coffee,13.09
C0003,2026-06-01,Coffee,6.08
C0003,2026-01-21,Coffee,7.29
C0003,2025-09-08,Tea,14.47
C0003,2026-04-07,Snacks,20.05
C0003,2026-04-13,Snacks,5.33
C0004,2026-05-06,Tea,9.3
C0004,2026-01-02,Coffee,6.33
C0004,2025-09-15,Accessories,9.83
C0004,2025-10-10,Bakery,5.29
C0004,2026-07-07,Snacks,9.22
C0004,2025-11-24,Coffee,9.53
C0004,2026-04-19,Tea,4.34
C0004,2025-09-26,Accessories,3.66
C0004,2025-09-10,Tea,10.11
C0004,2025-11-15,Snacks,3.68
C0004,2026-03-31,Bakery,10.32
C0004,2025-09-07,Tea,6.94
C0004,2025-12-25,Bakery,4.59
C0004,2026-07-01,Coffee,6.42
C0004,2025-10-23,Tea,4.56
C0004,2026-02-09,Bakery,5.61
C0005,2025-11-09,Bakery,23.13
C0005,2026-08-29,Coffee,6.8
C0005,2026-05-28,Tea,14.33
C0005,2026-04-15,Coffee,15.03
C0005,2026-01-20,Bakery,6.97
C0005,2026-03-14,Snacks,13.66
C0005,2026-01-12,Accessories,20.82
C0005,2025-09-15,Coffee,14.64
C0005,2026-07-27,Tea,17.13
C0005,2025-12-17,Snacks,8.71
C0006,2026-07-04,Coffee,19.84
C0006,2026-02-10,Tea,18.51
C0006,2026-06-09,Accessories,37.72
C0006,2025-12-25,Coffee,32.29
C0006,2026-01-29,Tea,17.63
C0006,2026-05-22,Accessories,44.94
C0006,2026-01-31,Tea,18.18
C0006,2026-06-18,Coffee,39.1
C0006,2026-08-15,Snacks,18.3
C0007,2026-07-22,Snacks,25.51
C0007,2025-12-26,Accessories,29.97
C0007,2026-05-08,Accessories,54.57
C0007,2026-07-23,Snacks,45.85
C0008,2025-09-20,Coffee,22.51
C0008,2026-05-31,Accessories,24.05
C0008,2025-10-29,Accessories,17.74
C0008,2026-02-02,Tea,27.81
C0008,2026-05-11,Snacks,52.12
C0008,2025-12-20,Coffee,29.79
C0008,2026-02-12,Coffee,36.87
C0008,2026-03-17,Coffee,20.48
C0008,2026-08-07,Bakery,37.98
C0008,2026-03-01,Coffee,12.52
C0008,2025-11-27,Bakery,46.12
C0008,2026-07-29,Coffee,34.46
C0009,2026-03-07,Bakery,12.51
C0009,2026-05-25,Tea,23.09
C0009,2026-01-06,Snacks,37.23
C0009,2026-03-17,Accessories,36.35
C0009,2026-02-18,Bakery,18.23
C0009,2025-10-20,Coffee,26.32
C0009,2026-02-05,Snacks,15.64
C0009,2026-01-26,Accessories,31.99
C0009,2025-09-21,Coffee,16.03
C0009,2025-11-22,Accessories,29.55
C0009,2025-12-11,Bakery,25.07
C0010,2026-02-12,Coffee,15.79
C0010,2026-01-31,Accessories,18.27
C0010,2026-08-28,Coffee,17.7
C0011,2026-08-01,Tea,26.26
C0011,2025-11-09,Coffee,42.21
C0011,2025-11-06,Coffee,23.72
C0011,2026-03-31,Bakery,22.98
C0011,2025-12-03,Bakery,53.23
C0012,2026-05-17,Tea,28.41
C0012,2026-06-17,Snacks,24.99
C0012,2025-11-26,Tea,29.55
C0012,2025-11-27,Coffee,24.1
C0012,2026-02-24,Coffee,26.17
C0013,2025-12-29,Bakery,10.01
C0013,2026-07-05,Tea,7.42
C0013,2025-09-04,Tea,15.98
C0013,2026-01-29,Coffee,6.39
C0013,2026-08-17,Bakery,10.22
C0013,2026-06-17,Snacks,5.89
C0014,2025-10-22,Bakery,14.37
C0014,2026-03-25,Coffee,13.45
C0014,2025-10-29,Coffee,13.56
C0014,2025-09-26,Accessories,5.11
C0014,2026-05-13,Tea,13.22
C0015,2025-10-02,Bakery,15.1
C0016,2026-03-29,Accessories,38.22
C0016,2025-09-28,Bakery,45.58
C0016,2026-02-24,Tea,44.78
C0016,2026-06-12,Tea,43.23
C0016,2026-02-01,Accessories,16.19
C0016,2025-11-14,Coffee,33.42
C0017,2025-12-26,Snacks,23.91
C0017,2026-05-05,Coffee,8.7
C0017,2025-09-20,Coffee,19.33
C0017,2025-09-07,Coffee,17.42
C0017,2025-09-01,Snacks,16.64
C0017,2025-11-22,Coffee,14.36
C0017,2025-12-25,Accessories,10.2
C0017,2026-07-15,Accessories,14.4
C0017,2026-07-25,Coffee,18.14
C0017,2026-03-28,Coffee,17.39
C0017,2026-06-25,Coffee,15.36
C0017,2026-06-18,Snacks,25.98
C0017,2026-02-04,Coffee,8.59
C0017,2026-04-09,Coffee,7.53
C0017,2026-04-10,Coffee,20.26
C0017,2026-04-07,Accessories,22.6
C0017,2025-09-07,Coffee,19.7
C0017,2026-08-20,Snacks,13.95
C0018,2025-10-07,Tea,14.06
C0018,2026-02-23,Coffee,12.05
C0018,2025-09-08,Snacks,14.27
C0018,2025-09-23,Accessories,15.44
C0018,2026-06-12,Snacks,13.75
C0019,2026-04-05,Bakery,12.03
C0019,2026-04-26,Accessories,4.78
C0019,2026-01-08,Snacks,8.17
C0019,2026-06-03,Bakery,5.85
C0019,2026-04-13,Accessories,8.52
C0019,2026-04-24,Coffee,11.1
C0019,2026-07-02,Snacks,12.31
C0019,2025-09-26,Coffee,9.47
C0020,2026-03-05,Accessories,29.3
C0020,2026-05-11,Bakery,18.18
C0020,2025-09-18,Snacks,28.85
C0020,2026-08-14,Coffee,41.38
C0020,2026-07-27,Snacks,14.2
C0020,2026-03-21,Coffee,19.49
C0020,2026-07-24,Bakery,33.95
C0020,2025-12-28,Tea,30.38
C0020,2026-03-02,Coffee,11.41
C0020,2026-05-03,Tea,32.76
C0020,2026-04-24,Accessories,28.53
C0020,2025-12-30,Coffee,25.82
C0021,2025-09-07,Accessories,11.16
C0021,2025-09-26,Accessories,10.06
C0021,2026-02-19,Tea,9.92
C0022,2026-01-27,Coffee,10.95
C0022,2025-10-16,Accessories,28.19
C0022,2025-12-03,Accessories,18.06
C0022,2026-06-04,Tea,36.74
C0022,2026-08-16,Tea,10.83
C0022,2026-04-11,Coffee,18.84
C0023,2026-05-16,Snacks,9.29
C0023,2025-12-19,Tea,13.61
C0023,2026-01-29,Bakery,8.57
C0023,2026-06-10,Bakery,7.91
C0023,2025-10-30,Accessories,5.8
C0023,2026-02-26,Tea,14.01
C0023,2026-05-22,Tea,12.31
C0024,2026-02-25,Tea,8.95
C0024,2026-08-15,Accessories,6.01
C0024,2026-08-20,Tea,3.06
C0024,2025-11-17,Coffee,4.32
C0024,2026-06-09,Coffee,3.2
C0024,2026-07-19,Bakery,7.47
C0024,2026-03-04,Coffee,5.41
C0025,2026-07-02,Snacks,4.77
C0025,2026-02-20,Coffee,3.73
C0025,2026-03-31,Bakery,12.29
C0025,2026-03-14,Bakery,6.02
C0026,2026-07-22,Bakery,13.13
C0026,2025-10-28,Bakery,29.44
C0026,2025-09-22,Coffee,12.38
C0026,2026-07-20,Accessories,31.91
C0026,2026-05-19,Accessories,12.83
C0026,2026-05-12,Coffee,9.6
C0027,2026-01-25,Coffee,7.18
C0027,2025-12-31,Coffee,13.89
C0027,2026-02-18,Snacks,10.53
C0027,2026-04-11,Coffee,13.63
C0027,2026-05-15,Coffee,16.76
C0027,2025-09-10,Accessories,21.8
C0027,2026-04-24,Coffee,13.21
C0027,2025-09-23,Coffee,24.92
C0027,2026-01-24,Bakery,25.66
C0027,2025-12-17,Accessories,9.84
C0027,2025-10-22,Tea,27.34
C0027,2026-06-26,Snacks,15.22
C0027,2025-11-04,Coffee,9.34
C0027,2025-11-27,Coffee,19.33
C0028,2025-09-20,Coffee,36.84
C0028,2025-12-19,Coffee,35.73
C0028,2026-08-07,Bakery,26.17
C0028,2025-10-06,Coffee,13.98
C0028,2026-04-25,Tea,46.35
C0028,2026-07-22,Coffee,27.4
C0028,2026-01-13,Tea,27.82
C0028,2026-02-23,Bakery,51.71
C0029,2026-07-26,Tea,13.81
C0029,2026-03-17,Bakery,24.05
C0029,2025-10-28,Tea,13.49
C0029,2026-03-30,Bakery,10.33
C0029,2026-03-15,Snacks,13.62
C0029,2025-12-31,Tea,20.63
C0030,2025-10-19,Snacks,38.62
C0030,2025-12-31,Coffee,23.2
C0030,2026-07-04,Coffee,33.74
C0030,2025-11-13,Accessories,27.64
C0030,2026-06-13,Coffee,12.68
C0030,2025-12-09,Coffee,40.73
C0030,2025-09-25,Coffee,40.4
C0030,2026-03-12,Coffee,16.16
C0030,2026-08-27,Snacks,25.06
C0031,2026-06-21,Tea,7.57
C0031,2025-12-22,Snacks,22.87
C0031,2025-10-27,Accessories,12.54
C0031,2025-11-18,Bakery,17.75
C0031,2026-03-17,Accessories,8.59
C0032,2026-04-25,Bakery,27.06
C0032,2026-06-05,Snacks,22.9
C0032,2026-01-20,Accessories,11.86
C0033,2026-02-10,Snacks,4.03
C0033,2026-04-06,Tea,10.18
C0033,2026-06-03,Tea,3.62
C0033,2026-03-01,Accessories,9.16
C0033,2026-02-11,Snacks,4.34
C0034,2026-04-16,Tea,9.54
C0034,2026-08-30,Tea,3.87
C0034,2026-06-12,Tea,4.69
C0034,2025-11-17,Bakery,3.67
C0034,2026-04-18,Tea,4.93
C0034,2026-07-14,Coffee,3.15
C0034,2026-07-09,Snacks,8.26
C0034,2026-01-14,Bakery,8.89
C0035,2026-06-22,Accessories,5
C0035,2026-04-27,Coffee,9.92
C0035,2026-04-11,Bakery,9.77
C0035,2025-11-10,Bakery,6.99
C0035,2026-07-30,Coffee,8.55
C0035,2025-09-17,Snacks,7.64
C0035,2025-11-12,Coffee,6.36
C0036,2026-06-15,Coffee,9.29
C0036,2026-05-11,Bakery,9.7
C0036,2026-05-07,Accessories,9.1
C0036,2025-09-03,Accessories,22.3
C0036,2025-10-30,Coffee,16.7
C0036,2026-05-03,Accessories,17.01
C0036,2025-12-10,Snacks,28.19
C0036,2026-02-09,Coffee,13.15
C0036,2026-08-18,Coffee,7.4
C0036,2026-05-31,Accessories,18.82
C0036,2025-11-05,Coffee,9.85
C0037,2026-07-19,Bakery,33.46
C0037,2026-03-09,Accessories,11.66
C0037,2026-07-28,Bakery,31.23
C0037,2026-07-18,Coffee,24.16
C0037,2025-11-23,Tea,21.89
C0037,2026-04-18,Snacks,11.8
C0037,2026-04-13,Accessories,12.32
C0037,2026-07-19,Coffee,23.22
C0038,2026-05-18,Snacks,9.64
C0038,2025-12-04,Snacks,5.64
C0038,2026-08-03,Coffee,5.52
C0038,2026-04-29,Accessories,11.96
C0038,2026-04-08,Coffee,4.62
C0038,2026-03-04,Snacks,9.57
C0038,2026-01-23,Accessories,8.47
C0038,2025-12-30,Tea,10.85
C0038,2026-07-03,Coffee,7.68
C0038,2026-07-27,Accessories,5.95
C0038,2026-02-11,Coffee,4.34
C0039,2025-12-13,Accessories,17.06
C0039,2025-12-27,Coffee,4.89
C0039,2026-06-04,Tea,8.53
C0039,2025-10-14,Bakery,6.42
C0039,2026-01-19,Coffee,5.04
C0039,2025-11-01,Accessories,10.31
C0040,2026-02-24,Coffee,15.23
C0040,2026-02-02,Accessories,13.42
C0040,2025-12-10,Snacks,31.18
C0040,2026-08-28,Tea,25.73
C0041,2026-03-13,Snacks,6.52
C0041,2026-01-01,Tea,20.77
C0041,2026-04-01,Accessories,17.67
C0041,2026-05-09,Coffee,15.96
C0041,2026-01-23,Accessories,20.46
C0041,2026-05-27,Snacks,18.29
C0041,2025-12-11,Coffee,9.17
C0041,2026-04-28,Coffee,10.2
C0041,2026-02-13,Accessories,19.97
C0041,2025-11-09,Tea,8.3
C0041,2025-12-02,Tea,20.1
C0042,2026-03-07,Snacks,11.8
C0042,2026-06-05,Tea,13.47
C0042,2026-02-03,Accessories,22.37
C0043,2025-09-01,Bakery,68.69
C0044,2026-03-26,Snacks,41.99
C0044,2025-10-27,Bakery,36.46
C0044,2025-12-25,Coffee,24.51
C0044,2026-07-25,Coffee,25.97
C0044,2026-06-05,Coffee,28.93
C0044,2026-04-23,Bakery,20.98
C0044,2025-10-14,Tea,25.94
C0044,2026-06-24,Coffee,34.71
C0044,2025-10-10,Snacks,43.54
C0044,2026-07-04,Coffee,35.32
C0045,2026-07-09,Coffee,24.71
C0045,2026-07-03,Accessories,19.51
C0045,2025-11-20,Tea,20.98
C0045,2026-07-29,Tea,28.84
C0045,2025-09-19,Coffee,13.14
C0045,2025-11-01,Accessories,10.93
C0045,2026-02-04,Bakery,21.88
C0045,2026-01-11,Bakery,22.15
C0045,2026-07-16,Accessories,20.39
C0046,2026-08-22,Bakery,30.35
C0046,2026-06-22,Coffee,17.89
C0047,2025-09-03,Coffee,28.61
C0047,2026-05-25,Bakery,13.17
C0047,2025-11-04,Coffee,12.13
C0047,2026-05-25,Coffee,17.81
C0047,2025-11-16,Tea,28.19
C0047,2026-06-02,Accessories,25.53
C0047,2025-12-24,Coffee,11.66
C0047,2026-08-15,Coffee,18.4
C0048,2026-01-12,Coffee,11.86
C0048,2026-05-23,Tea,13.91
C0048,2025-10-02,Coffee,9.26
C0048,2025-12-08,Bakery,6.69
C0048,2026-07-06,Coffee,9.22
C0048,2025-10-26,Bakery,11.13
C0048,2026-05-17,Accessories,9.33
C0048,2025-09-24,Coffee,6.08
C0049,2025-11-20,Snacks,16.34
C0049,2026-03-06,Bakery,15.13
C0049,2026-05-31,Snacks,8.89
C0049,2026-07-09,Accessories,14.44
C0049,2026-01-26,Snacks,13.18
C0049,2025-12-10,Snacks,10.8
C0049,2026-04-29,Coffee,9.16
C0049,2026-05-22,Coffee,13.5
C0050,2026-07-06,Coffee,15.3
C0050,2025-11-30,Bakery,19.41
C0050,2025-12-09,Snacks,33.49
C0050,2026-06-03,Coffee,21.48
C0050,2026-05-25,Coffee,11.48
C0050,2026-05-20,Coffee,14.96
C0051,2025-12-24,Bakery,6.78
C0051,2026-07-19,Bakery,9.39
C0051,2026-01-22,Tea,10.86
C0051,2026-05-09,Snacks,3.62
C0051,2026-07-08,Coffee,9.61
C0051,2025-11-20,Accessories,8.92
C0051,2025-10-26,Coffee,6.63
C0052,2026-05-27,Tea,5.29
C0052,2026-05-30,Tea,11.36
C0052,2026-07-27,Accessories,10
C0052,2026-05-02,Bakery,5.98
C0052,2026-07-30,Tea,11.48
C0052,2026-01-15,Snacks,5.72
C0052,2026-08-23,Bakery,16.04
C0052,2026-01-22,Accessories,6.36
C0053,2025-11-07,Coffee,38.75
C0053,2026-03-08,Tea,16.18
C0053,2026-08-31,Coffee,12.19
C0053,2026-08-29,Bakery,46.86
C0053,2026-07-22,Coffee,13.71
C0053,2025-09-08,Accessories,32.56
C0053,2026-03-20,Bakery,24.09
C0053,2026-08-13,Tea,24.17
C0053,2025-09-25,Tea,34.32
C0053,2025-10-02,Accessories,26.27
C0053,2026-01-21,Coffee,25.48
C0053,2025-12-10,Bakery,24.54
C0054,2025-11-10,Snacks,14.57
C0054,2025-09-19,Snacks,23.11
C0054,2025-10-23,Bakery,15.74
C0054,2026-02-07,Coffee,7.59
C0054,2026-06-14,Coffee,18.78
C0054,2026-04-03,Coffee,12.77
C0055,2026-02-24,Bakery,14.55
C0055,2026-06-05,Tea,13.4
C0055,2025-10-24,Coffee,10.11
C0056,2025-12-15,Tea,13.91
C0056,2026-06-24,Tea,17.28
C0056,2026-08-29,Tea,18.05
C0056,2026-08-04,Accessories,8.85
C0056,2026-08-28,Coffee,10.53
C0056,2026-03-09,Coffee,11.29
C0056,2025-10-26,Coffee,7.33
C0056,2026-04-07,Tea,17.44
C0057,2025-09-18,Bakery,21.97
C0057,2025-11-01,Coffee,18.35
C0057,2026-05-22,Tea,19.32
C0057,2025-10-21,Snacks,24.14
C0057,2026-07-17,Accessories,26.99
C0057,2025-10-03,Coffee,19.17
C0057,2026-04-19,Tea,19.84
C0057,2025-12-13,Coffee,15.44
C0057,2025-09-15,Tea,26.01
C0057,2025-11-17,Coffee,23.06
C0058,2025-11-19,Bakery,13.46
C0058,2025-11-25,Coffee,8.56
C0058,2025-11-12,Coffee,12.75
C0058,2026-08-04,Coffee,19.49
C0058,2026-02-18,Tea,23.61
C0058,2026-08-11,Coffee,12.81
C0058,2026-06-14,Accessories,17.85
C0058,2025-12-13,Tea,13.03
C0058,2025-11-15,Coffee,18.28
C0058,2025-12-26,Tea,21.47
C0058,2026-01-23,Bakery,13.24
C0059,2026-04-03,Accessories,29.23
C0059,2025-10-27,Coffee,32.92
C0059,2025-12-15,Bakery,19.97
C0059,2026-02-24,Bakery,36.98
C0059,2026-04-29,Accessories,42.79
C0059,2026-03-06,Tea,18.48
C0060,2026-01-09,Coffee,20.72
C0060,2026-01-05,Snacks,29.53
C0060,2026-03-21,Tea,14.64
C0060,2026-08-28,Accessories,21.17
C0060,2026-08-27,Coffee,9.45
C0060,2025-09-11,Snacks,33.71
C0060,2025-11-27,Coffee,27.42
C0060,2026-03-20,Accessories,20.93
C0060,2025-09-09,Tea,31.21
C0060,2026-02-03,Coffee,14.1
C0060,2026-06-02,Coffee,19.54
C0060,2026-04-27,Coffee,29.28
C0060,2026-01-27,Coffee,8.09
C0060,2026-06-03,Accessories,28.07
C0061,2026-07-02,Coffee,25.34
C0061,2025-10-07,Coffee,10.08
C0061,2026-07-14,Accessories,19.86
C0061,2026-05-26,Tea,12.53
C0061,2025-10-12,Coffee,31.15
C0061,2026-06-21,Coffee,23.66
C0061,2026-06-02,Coffee,27.99
C0061,2026-07-14,Tea,37.86
C0061,2026-08-01,Tea,15.7
C0062,2026-04-07,Coffee,27.11
C0062,2025-09-26,Coffee,18.17
C0062,2026-06-14,Accessories,12.93
C0062,2026-08-28,Snacks,11.04
C0062,2026-06-25,Bakery,33.18
C0062,2026-08-28,Snacks,30.78
C0062,2026-02-28,Tea,12.04
C0063,2026-01-17,Snacks,11.78
C0063,2025-11-29,Bakery,14.3
C0063,2026-05-09,Bakery,20.27
C0063,2025-09-17,Accessories,11.5
C0063,2026-04-11,Coffee,8.38
C0063,2026-07-01,Tea,29.26
C0064,2026-07-01,Bakery,5.16
C0064,2026-05-18,Snacks,5.05
C0064,2026-02-27,Coffee,2.72
C0064,2026-01-23,Bakery,4.48
C0064,2026-06-07,Tea,2.45
C0064,2026-01-31,Accessories,4.51
C0064,2026-08-24,Tea,2.13
C0064,2025-11-04,Accessories,3.83
C0064,2026-01-20,Coffee,2.93
C0064,2026-01-18,Accessories,3.95
C0064,2026-06-15,Coffee,3.34
C0064,2025-09-03,Bakery,4.13
C0064,2025-11-24,Tea,4.23
C0065,2025-09-22,Snacks,13.9
C0065,2026-01-08,Snacks,21.44
C0065,2026-07-31,Bakery,10.29
C0065,2025-11-08,Bakery,17.76
C0065,2025-11-05,Accessories,20.38
C0065,2026-08-15,Coffee,14.52
C0065,2026-06-21,Coffee,17.76
C0065,2026-07-01,Accessories,11.3
C0066,2026-06-14,Accessories,22.38
C0066,2026-01-29,Bakery,16.34
C0066,2026-08-20,Tea,12.92
C0066,2026-03-18,Accessories,8.67
C0066,2025-12-01,Snacks,19.23
C0066,2025-12-11,Accessories,11.93
C0066,2026-05-11,Snacks,23.7
C0066,2025-12-04,Accessories,10.46
C0066,2026-01-18,Snacks,18.44
C0066,2026-08-05,Coffee,20.41
C0066,2025-11-16,Coffee,14.82
C0067,2025-12-22,Tea,12.49
C0067,2026-03-26,Tea,12.45
C0067,2026-05-02,Bakery,15.95
C0067,2025-09-08,Snacks,6.18
C0067,2026-05-26,Tea,10.38
C0067,2026-04-14,Snacks,11.16
C0067,2026-02-12,Bakery,11.73
C0067,2026-04-28,Coffee,3.78
C0067,2026-06-15,Snacks,12.75
C0067,2026-06-15,Bakery,8.98
C0067,2026-01-16,Bakery,12.04
C0068,2025-11-12,Coffee,23.07
C0068,2026-04-29,Accessories,17.63
C0068,2025-09-11,Bakery,25.08
C0068,2026-03-21,Accessories,24.71
C0068,2026-08-16,Snacks,27.53
C0069,2025-10-23,Tea,26.32
C0069,2026-03-14,Coffee,22.09
C0069,2026-03-05,Coffee,8.92
C0069,2026-04-02,Tea,19.22
C0069,2026-06-09,Snacks,19.77
C0069,2026-07-31,Accessories,34.73
C0069,2025-12-02,Snacks,17.33
C0069,2026-02-04,Coffee,22.51
C0069,2025-10-08,Accessories,30.01
C0070,2026-03-09,Tea,19.41
C0070,2026-04-13,Bakery,32.84
C0070,2025-10-26,Bakery,39.68
C0070,2026-03-19,Coffee,14.36
C0070,2026-01-09,Snacks,35.47
C0070,2026-01-29,Bakery,14.89
C0070,2026-08-29,Tea,14.42
C0070,2025-09-30,Coffee,13.59
C0070,2026-03-23,Coffee,30.82
C0070,2026-04-30,Coffee,32.99
C0070,2026-03-18,Bakery,39.71
C0071,2025-10-04,Snacks,5.2
C0071,2025-10-14,Accessories,9.15
C0071,2026-03-09,Tea,15.05
C0071,2025-12-20,Tea,5.33
C0071,2026-01-15,Accessories,6.14
C0071,2026-01-14,Snacks,13.01
C0071,2025-10-04,Coffee,8.63
C0072,2025-11-03,Bakery,33.56
C0072,2026-05-03,Accessories,27.38
C0072,2026-03-06,Accessories,18.44
C0072,2026-08-22,Tea,32.89
C0073,2026-03-20,Coffee,37.57
C0073,2025-12-27,Coffee,60.82
C0073,2026-07-19,Snacks,62.4
C0073,2026-08-27,Coffee,21.78
C0073,2026-02-17,Coffee,35.2
C0073,2025-12-14,Coffee,18.18
C0073,2026-07-10,Coffee,57.06
C0073,2026-01-10,Tea,26.28
C0073,2025-09-01,Bakery,52.1
C0073,2026-02-24,Snacks,38.27
C0073,2026-07-05,Accessories,52.32
C0074,2026-01-17,Tea,34.49
C0074,2026-05-22,Bakery,31.6
C0074,2026-07-09,Bakery,33.67
C0074,2026-04-24,Snacks,32.63
C0074,2025-11-10,Coffee,23.38
C0074,2026-01-25,Coffee,26.39
C0075,2026-07-23,Coffee,24.2
C0075,2026-07-21,Tea,22.44
C0075,2026-07-23,Snacks,30.1
C0075,2026-06-07,Bakery,43.3
C0075,2026-02-23,Tea,60.25
C0075,2025-11-10,Bakery,39.36
C0075,2025-11-30,Coffee,22.78
C0075,2026-02-16,Bakery,43.6
C0076,2025-10-06,Accessories,6.05
C0076,2026-04-11,Coffee,5.7
C0076,2025-10-07,Tea,3.62
C0076,2025-11-01,Tea,8.07
C0076,2026-06-20,Accessories,4.94
C0076,2026-05-22,Accessories,6.03
C0076,2026-08-08,Coffee,5.03
C0076,2026-02-22,Bakery,3.14
C0076,2026-05-18,Tea,9.91
C0077,2025-10-24,Tea,24.17
C0077,2026-05-09,Bakery,8.65
C0077,2026-01-25,Bakery,17.86
C0077,2026-07-29,Snacks,23.66
C0077,2026-04-24,Tea,14.25
C0078,2026-02-11,Snacks,32.15
C0078,2026-03-06,Coffee,38.88
C0078,2026-05-27,Bakery,36.37
C0078,2026-03-21,Bakery,39.07
C0078,2026-07-04,Accessories,32.39
C0078,2026-03-07,Snacks,42.69
C0078,2026-05-15,Bakery,28.69
C0078,2025-12-01,Accessories,17.58
C0078,2025-12-02,Accessories,15.41
C0079,2026-01-04,Bakery,19.09
C0079,2025-12-24,Tea,17.04
C0079,2026-02-25,Coffee,17.06
C0079,2026-05-16,Snacks,22.69
C0079,2026-02-14,Snacks,19.89
C0079,2026-07-03,Bakery,18.97
C0079,2026-01-03,Bakery,9.97
C0079,2025-11-14,Accessories,19.16
C0079,2026-01-06,Bakery,11.11
C0079,2025-12-09,Coffee,12.26
C0080,2025-10-25,Accessories,33.84
C0080,2026-01-18,Accessories,19.96
C0080,2025-10-13,Snacks,11.07
C0080,2026-01-20,Coffee,20.44
C0080,2026-07-14,Coffee,29.95
C0080,2026-01-18,Tea,24.26
C0081,2026-08-15,Coffee,31.73
C0082,2025-09-17,Coffee,6.01
C0082,2025-10-26,Coffee,16.18
C0082,2026-01-20,Coffee,12.04
C0082,2026-04-19,Bakery,16.5
C0082,2025-09-22,Bakery,9.08
C0082,2026-05-26,Coffee,16.84
C0082,2026-05-24,Coffee,17.28
C0082,2026-03-08,Bakery,13.14
C0083,2026-01-07,Coffee,35.88
C0083,2026-02-24,Bakery,35.95
C0083,2026-07-22,Accessories,49.27
C0083,2026-07-25,Accessories,50.62
C0083,2025-12-09,Bakery,37.85
C0083,2026-05-14,Accessories,30.63
C0083,2025-10-12,Coffee,43.31
C0083,2026-05-09,Accessories,59.64
C0083,2025-11-26,Coffee,36.25
C0084,2026-01-16,Coffee,29.16
C0084,2025-09-26,Tea,33.48
C0084,2026-07-29,Snacks,41.86
C0084,2025-11-05,Bakery,46.09
C0084,2026-07-09,Coffee,12.37
C0084,2025-11-27,Coffee,20.8
C0084,2026-04-30,Coffee,39.03
C0085,2026-05-16,Coffee,5.68
C0085,2026-05-24,Coffee,2.8
C0085,2025-10-29,Tea,2.41
C0086,2026-03-05,Accessories,7.13
C0086,2026-04-13,Accessories,6.65
C0086,2026-07-14,Bakery,14.95
C0086,2026-08-28,Tea,9.73
C0086,2026-03-02,Coffee,7.48
C0087,2025-12-03,Coffee,19.11
C0087,2026-08-05,Coffee,13.54
C0087,2026-05-19,Tea,19.77
C0088,2026-06-20,Tea,16.81
C0088,2025-10-24,Coffee,12.59
C0088,2026-08-30,Snacks,16.8
C0088,2026-04-29,Bakery,19.96
C0088,2026-03-03,Snacks,11.73
C0088,2026-05-16,Tea,16.38
C0089,2026-08-25,Tea,18.5
C0089,2026-08-31,Coffee,11.5
C0089,2026-03-23,Accessories,17.82
C0089,2026-02-15,Snacks,20.76
C0089,2025-09-04,Bakery,10.35
C0089,2026-06-01,Coffee,5.54
C0089,2026-02-16,Coffee,7.79
C0089,2026-02-25,Bakery,9.91
C0089,2025-11-10,Accessories,19.24
C0090,2026-07-31,Coffee,32.05
C0090,2025-10-06,Coffee,29.12
C0090,2026-05-14,Snacks,33.43
C0090,2025-09-14,Coffee,41.4
C0090,2025-11-04,Tea,31.94
C0090,2026-07-02,Tea,25.42
C0090,2026-05-01,Coffee,26.66
C0091,2025-11-08,Coffee,29.54
C0091,2025-09-27,Snacks,22.26
C0091,2025-11-28,Accessories,49.69
C0091,2025-09-15,Coffee,47.98
C0091,2025-10-23,Accessories,41.4
C0091,2026-03-26,Bakery,36.32
C0091,2025-10-05,Coffee,23.58
C0091,2026-03-01,Tea,20.23
C0091,2026-02-04,Snacks,37.98
C0091,2025-11-24,Coffee,35.37
C0091,2026-04-24,Snacks,49.42
C0092,2026-05-21,Coffee,11.33
C0092,2025-10-12,Snacks,24.71
C0092,2026-04-16,Bakery,24.24
C0092,2026-06-25,Accessories,26.51
C0093,2025-09-09,Coffee,4.54
C0093,2026-08-31,Accessories,15.12
C0093,2025-12-28,Snacks,5.69
C0093,2025-09-01,Snacks,5.56
C0093,2025-12-12,Tea,13.65
C0094,2026-02-13,Snacks,12.3
C0094,2026-05-15,Accessories,8.36
C0094,2025-09-16,Accessories,24.55
C0094,2026-06-22,Accessories,19.61
C0095,2026-06-25,Coffee,11.27
C0095,2026-08-15,Bakery,7.66
C0095,2025-12-03,Coffee,7.62
C0095,2025-10-29,Bakery,17.5
C0095,2026-06-16,Snacks,15.27
C0096,2026-07-27,Accessories,6.6
C0096,2026-03-13,Tea,20.54
C0096,2026-06-15,Coffee,8.75
C0096,2026-04-02,Coffee,15.15
C0096,2025-12-08,Accessories,15.75
C0096,2026-06-11,Bakery,14.37
C0096,2026-05-09,Bakery,6.03
C0096,2025-11-11,Bakery,21.42
C0097,2025-10-25,Bakery,48.27
C0097,2025-10-03,Bakery,90.32
C0097,2026-05-15,Snacks,35.99
C0097,2026-04-21,Tea,53.39
C0097,2025-09-24,Snacks,73.04
C0097,2026-07-10,Bakery,32.17
C0097,2026-05-18,Bakery,90.26
C0097,2026-03-12,Bakery,77.08
C0098,2025-10-20,Coffee,12.7
C0098,2026-07-07,Bakery,12.2
C0098,2026-07-15,Accessories,9.22
C0098,2025-10-03,Coffee,5.62
C0098,2025-10-07,Coffee,14.14
C0099,2026-08-27,Tea,24.95
C0099,2026-03-07,Coffee,21.01
C0099,2025-12-15,Snacks,18.99
C0099,2025-10-21,Coffee,18.59
C0099,2026-06-15,Snacks,26.23
C0099,2025-09-06,Coffee,10.58
C0099,2026-07-21,Coffee,16.03
C0099,2025-12-12,Coffee,18.69
C0099,2026-04-26,Bakery,19.32
C0100,2026-05-27,Snacks,6.87
C0100,2026-04-02,Bakery,8.84
C0100,2026-03-01,Coffee,7.79
C0100,2026-06-06,Accessories,7.65
C0100,2025-10-18,Tea,8.54
C0100,2025-12-14,Snacks,9.37
C0100,2026-03-02,Accessories,5.03
C0100,2026-08-01,Snacks,7.03
C0100,2025-09-02,Coffee,5.8
C0100,2026-06-05,Accessories,8.48
C0101,2026-02-02,Accessories,36.21
C0101,2025-12-08,Bakery,40.27
C0101,2026-08-01,Bakery,21.6
C0101,2025-10-22,Coffee,26.04
C0101,2026-05-27,Snacks,14.15
C0101,2026-05-12,Coffee,28.48
C0101,2025-11-26,Snacks,24.11
C0101,2025-11-15,Tea,38.08
C0101,2026-07-18,Bakery,27.28
C0101,2026-06-26,Coffee,25.24
C0101,2026-07-04,Coffee,34.1
C0101,2026-01-05,Tea,37.32
C0102,2026-04-16,Coffee,12.19
C0102,2025-10-16,Tea,12.98
C0102,2025-11-05,Accessories,17.88
C0102,2025-10-16,Tea,6.83
C0102,2025-09-17,Snacks,14.61
C0102,2026-07-08,Tea,14.48
C0102,2026-04-17,Bakery,14.27
C0103,2026-03-18,Bakery,16.75
C0103,2026-07-14,Accessories,17.67
C0104,2026-04-09,Accessories,25.83
C0104,2026-01-14,Bakery,36.76
C0104,2026-04-30,Snacks,31.21
C0104,2026-04-18,Bakery,53.81
C0104,2025-11-06,Tea,69.02
C0104,2026-01-22,Coffee,41.43
C0104,2026-08-24,Accessories,66.95
C0104,2026-05-17,Tea,50.47
C0104,2026-01-19,Coffee,59.94
C0105,2025-11-22,Tea,10.91
C0105,2026-04-23,Coffee,6.88
C0105,2025-10-30,Bakery,4.01
C0105,2026-05-30,Coffee,7.81
C0105,2026-02-03,Tea,11.78
C0105,2025-10-02,Accessories,3.23
C0106,2026-08-27,Snacks,11.31
C0106,2026-02-12,Snacks,22.7
C0106,2025-12-19,Snacks,10.11
C0106,2025-11-13,Bakery,16.98
C0106,2025-12-31,Coffee,6.75
C0106,2026-06-20,Bakery,22.55
C0107,2026-03-06,Coffee,9.47
C0107,2026-08-01,Coffee,10.08
C0107,2026-07-04,Accessories,7.63
C0107,2026-03-25,Accessories,10.26
C0107,2025-12-17,Tea,3.36
C0108,2025-12-25,Coffee,11.94
C0108,2026-02-13,Coffee,12.28
C0108,2025-09-04,Snacks,36.96
C0108,2026-02-13,Accessories,37.84
C0108,2026-06-17,Tea,44.19
C0108,2026-03-13,Snacks,25.15
C0108,2026-02-20,Accessories,37.89
C0108,2026-03-29,Bakery,16.57
C0108,2026-05-23,Coffee,40.54
C0108,2025-12-30,Bakery,21.18
C0108,2026-08-07,Coffee,16.9
C0109,2025-12-11,Snacks,58.37
C0109,2026-06-11,Coffee,26.37
C0109,2026-07-23,Accessories,50.21
C0109,2026-06-19,Coffee,18.14
C0109,2026-06-22,Tea,42.04
C0109,2026-08-10,Bakery,59.88
C0109,2026-04-07,Coffee,34.41
C0109,2026-06-27,Coffee,32.66
C0109,2026-01-22,Accessories,56.74
C0110,2026-03-15,Tea,10.73
C0111,2026-03-15,Tea,3.78
C0111,2025-12-22,Accessories,3.53
C0111,2025-12-07,Coffee,2.35
C0111,2025-12-18,Tea,4.46
C0111,2025-12-28,Bakery,3.47
C0112,2025-10-04,Coffee,20.99
C0112,2026-05-05,Coffee,16.55
C0112,2025-11-04,Snacks,18.46
C0112,2026-04-10,Tea,27.27
C0112,2026-05-05,Bakery,34.1
C0113,2026-04-11,Snacks,4.78
C0113,2025-10-11,Bakery,6.34
C0113,2026-03-12,Tea,3.56
C0113,2026-02-09,Accessories,4.52
C0113,2025-10-11,Bakery,2.21
C0113,2026-03-22,Accessories,5.05
C0113,2026-04-21,Snacks,2.81
C0114,2026-04-09,Snacks,13.05
C0114,2026-03-08,Tea,18.5
C0114,2026-05-11,Accessories,25.12
C0114,2025-11-01,Bakery,9.42
C0114,2026-01-12,Tea,20.69
C0114,2026-04-08,Tea,26.05
C0114,2025-11-14,Tea,23.97
C0115,2026-06-02,Coffee,7.43
C0115,2026-03-31,Bakery,21.61
C0115,2026-08-21,Accessories,19.1
C0115,2026-03-07,Tea,28.76
C0115,2025-12-05,Snacks,17.91
C0115,2026-08-30,Accessories,18.64
C0115,2026-07-14,Coffee,22.67
C0115,2025-12-03,Bakery,12.08
C0115,2025-11-19,Bakery,17.13
C0115,2025-12-03,Bakery,20.11
C0116,2025-12-13,Tea,13.92
C0116,2025-09-10,Coffee,21.29
C0116,2026-03-23,Snacks,16.86
C0116,2026-04-05,Bakery,24.75
C0116,2026-05-28,Coffee,18.82
C0116,2026-08-04,Coffee,9.03
C0116,2025-09-09,Accessories,23.65
C0116,2026-06-30,Accessories,19.75
C0116,2025-10-21,Coffee,10.59
C0117,2025-10-30,Coffee,7.59
C0117,2026-08-11,Coffee,24.26
C0117,2026-04-12,Tea,23.11
C0117,2026-04-18,Accessories,22.38
C0117,2026-07-02,Snacks,32.3
C0117,2026-05-18,Accessories,19.42
C0117,2026-06-22,Snacks,25.9
C0118,2026-04-23,Tea,3.36
C0118,2026-07-25,Coffee,4.42
C0118,2026-07-31,Bakery,5.66
C0118,2025-11-09,Tea,3.52
C0118,2026-07-12,Coffee,4.83
C0118,2026-03-14,Coffee,4.54
C0118,2026-06-06,Bakery,3.34
C0118,2026-02-22,Bakery,1.87
C0119,2025-12-18,Accessories,6.41
C0119,2026-08-10,Coffee,6.52
C0119,2026-07-31,Tea,7.03
C0119,2026-05-11,Coffee,6.23
C0119,2026-04-21,Coffee,7.19
C0119,2026-04-16,Coffee,8.9
C0120,2026-02-12,Tea,29.98
C0120,2026-07-07,Snacks,35.18
C0120,2026-07-21,Accessories,21.06
C0120,2026-03-11,Snacks,22.2
C0120,2026-05-21,Snacks,15.78
C0120,2026-07-29,Bakery,32.89
C0121,2026-04-10,Bakery,17.13
C0121,2025-10-06,Bakery,21.04
C0121,2026-08-06,Coffee,6.59
C0121,2026-02-24,Coffee,7.02
C0121,2026-03-25,Coffee,11.4
C0121,2026-02-02,Snacks,22.94
C0121,2026-04-11,Coffee,16.2
C0121,2025-11-17,Coffee,14.18
C0121,2026-05-18,Coffee,14.67
C0122,2026-05-24,Tea,9.34
C0122,2026-07-28,Snacks,12.41
C0122,2026-06-18,Bakery,11.12
C0122,2025-11-25,Bakery,12.34
C0122,2026-04-30,Accessories,21.74
C0122,2026-02-12,Accessories,19.45
C0123,2026-05-06,Snacks,14.13
C0123,2025-11-24,Snacks,14.74
C0123,2026-05-28,Coffee,19.24
C0123,2025-12-28,Snacks,32.31
C0123,2026-08-07,Coffee,12.55
C0123,2026-04-19,Coffee,29.89
C0124,2026-08-23,Tea,17.77
C0124,2025-09-23,Accessories,13.59
C0124,2025-11-01,Snacks,17.13
C0124,2025-09-24,Tea,30.55
C0124,2026-04-09,Coffee,35.92
C0124,2026-06-10,Accessories,33.82
C0124,2025-12-24,Coffee,36.12
C0124,2026-06-29,Accessories,39.77
C0124,2025-10-17,Coffee,37.76
C0124,2025-11-27,Coffee,37.03
C0124,2026-03-03,Coffee,10.31
C0124,2025-12-05,Coffee,24
C0124,2026-06-16,Accessories,42.84
C0125,2026-05-05,Bakery,12.94
C0125,2025-11-26,Bakery,8.12
C0125,2026-03-22,Bakery,26.68
C0126,2025-10-21,Coffee,15.79
C0126,2026-03-24,Coffee,16.66
C0126,2025-12-03,Bakery,11.29
C0126,2025-10-15,Snacks,13.85
C0126,2026-06-17,Coffee,13.43
C0127,2026-08-21,Tea,56.06
C0127,2025-12-07,Accessories,45.06
C0127,2025-12-09,Accessories,56.53
C0127,2025-09-19,Snacks,31.08
C0127,2026-06-04,Snacks,38.15
C0127,2025-10-06,Tea,48.53
C0127,2026-04-04,Accessories,19.13
C0127,2025-11-14,Coffee,15.64
C0127,2026-06-29,Bakery,35.68
C0127,2025-12-31,Coffee,30.48
C0128,2026-04-09,Coffee,20.01
C0128,2026-04-09,Bakery,33.27
C0128,2026-07-09,Accessories,20.59
C0128,2026-06-19,Snacks,19.95
C0128,2026-03-24,Accessories,13.43
C0128,2026-02-06,Tea,29.06
C0128,2026-01-17,Accessories,20.47
C0128,2026-03-12,Tea,10.24
C0129,2026-07-05,Snacks,19.43
C0129,2026-04-02,Coffee,4.58
C0129,2026-02-02,Accessories,10.09
C0129,2025-12-17,Coffee,14.5
C0129,2026-08-02,Coffee,13.89
C0129,2026-03-30,Coffee,14.31
C0129,2025-09-16,Accessories,14.81
C0129,2025-09-09,Snacks,10.41
C0130,2025-10-31,Bakery,7.43
C0130,2026-07-26,Coffee,6.49
C0130,2026-03-15,Tea,17.42
C0130,2026-02-25,Tea,18.85
C0130,2026-04-30,Bakery,16.79
C0130,2026-03-25,Accessories,11.27
C0131,2026-08-01,Accessories,18.33
C0131,2026-05-17,Coffee,39.26
C0131,2026-05-14,Bakery,28.04
C0131,2025-09-22,Accessories,59.94
C0131,2025-09-25,Tea,31.66
C0131,2026-05-20,Accessories,51.17
C0131,2026-07-10,Tea,61.95
C0131,2026-06-10,Tea,58.97
C0131,2026-03-13,Coffee,16.64
C0131,2026-07-15,Snacks,23.56
C0131,2026-03-15,Tea,24.2
C0131,2026-04-21,Snacks,36.42
C0131,2025-11-13,Coffee,38.1
C0131,2025-10-08,Bakery,41.52
C0132,2026-06-30,Bakery,9.87
C0132,2026-03-03,Accessories,15.86
C0132,2026-01-29,Snacks,13.62
C0132,2025-10-21,Coffee,8.38
C0132,2026-05-02,Tea,8.84
C0132,2026-02-09,Coffee,21.76
C0132,2025-10-17,Coffee,9.09
C0132,2025-12-13,Accessories,17.81
C0132,2026-06-07,Coffee,9.56
C0132,2025-09-15,Coffee,17.33
C0133,2025-12-02,Coffee,16.33
C0133,2025-10-03,Tea,23.6
C0133,2025-11-26,Snacks,28.86
C0133,2026-07-02,Accessories,30.57
C0133,2026-05-07,Bakery,19.73
C0134,2025-12-29,Snacks,11.9
C0134,2025-11-19,Bakery,8.97
C0134,2026-03-08,Coffee,9.77
C0134,2026-02-24,Coffee,6.79
C0134,2025-12-18,Bakery,13.56
C0134,2025-12-03,Snacks,7.36
C0134,2025-10-07,Snacks,16.83
C0135,2025-11-13,Snacks,15.68
C0135,2026-03-14,Coffee,27.82
C0135,2026-02-01,Coffee,19.27
C0135,2026-05-25,Bakery,11.62
C0135,2025-12-02,Tea,14.04
C0135,2025-11-14,Tea,38.8
C0135,2025-10-10,Accessories,17.68
C0135,2025-10-03,Tea,13.23
C0135,2026-01-05,Accessories,27.19
C0135,2026-02-21,Tea,27.15
C0136,2026-08-05,Accessories,12.36
C0136,2026-05-18,Tea,5.4
C0136,2025-09-12,Tea,7.24
C0136,2026-05-16,Tea,13.78
C0136,2026-03-23,Snacks,6.87
C0137,2026-01-11,Coffee,31.71
C0137,2026-02-09,Coffee,28.66
C0137,2026-02-17,Tea,15.12
C0137,2026-04-06,Accessories,12.18
C0137,2025-10-28,Accessories,36.55
C0137,2025-10-18,Accessories,31.23
C0137,2026-08-08,Bakery,28.68
C0137,2026-06-16,Coffee,12.17
C0138,2025-11-15,Accessories,9.56
C0138,2026-04-08,Bakery,7.6
C0138,2025-11-19,Accessories,8.43
C0138,2026-03-11,Accessories,8.04
C0138,2026-02-01,Tea,8.24
C0138,2026-05-20,Bakery,10.57
C0138,2026-08-04,Tea,5.06
C0139,2026-02-09,Coffee,2.3
C0139,2026-08-29,Accessories,8.61
C0139,2025-11-05,Coffee,5.22
C0139,2026-01-01,Bakery,4.15
C0139,2025-09-23,Bakery,8.92
C0140,2026-03-06,Snacks,17.91
C0140,2025-09-25,Snacks,21.39
C0140,2026-08-11,Tea,8.62
C0140,2026-04-02,Bakery,11.62
C0140,2026-08-28,Coffee,20.08
C0140,2025-10-07,Coffee,11.74
C0140,2026-08-01,Snacks,13.5
C0140,2025-10-06,Coffee,12.24
C0140,2026-05-28,Accessories,11.64
C0140,2025-11-07,Snacks,26.24
C0141,2026-08-21,Tea,13.69
C0141,2025-09-16,Accessories,16.48
C0141,2025-09-14,Snacks,13.34
C0141,2025-10-10,Coffee,10
C0141,2025-12-27,Coffee,8.87
C0141,2026-05-22,Coffee,5.87
C0142,2025-11-14,Bakery,28.4
C0142,2026-01-26,Snacks,10.6
C0142,2025-12-17,Snacks,27.01
C0142,2026-03-29,Coffee,25.07
C0142,2025-11-30,Bakery,10.37
C0142,2026-06-09,Accessories,29.98
C0142,2025-12-03,Snacks,10.42
C0142,2026-02-26,Tea,11.2
C0143,2026-03-31,Coffee,24.26
C0143,2025-09-21,Accessories,16.49
C0143,2026-05-19,Bakery,29.92
C0143,2026-03-17,Tea,28.11
C0143,2026-03-10,Accessories,17.41
C0144,2026-03-27,Accessories,28.98
C0144,2025-12-10,Coffee,18.26
C0144,2026-03-30,Bakery,17.35
C0144,2026-07-15,Tea,20.71
C0144,2025-09-28,Bakery,15.46
C0145,2026-04-07,Accessories,13.4
C0145,2025-10-01,Snacks,16.09
C0145,2026-04-13,Bakery,23.23
C0145,2025-09-22,Snacks,22.91
C0145,2026-02-13,Tea,22.07
C0145,2025-10-01,Tea,30.68
C0145,2026-08-10,Tea,20.47
C0145,2026-02-11,Snacks,9.35
C0145,2026-08-28,Bakery,28.15
C0145,2025-11-04,Tea,13.11
C0146,2025-12-02,Snacks,18.46
C0146,2026-08-14,Tea,35.22
C0146,2026-04-26,Bakery,39.27
C0146,2025-10-11,Accessories,42.78
C0146,2026-01-05,Coffee,26.86
C0146,2026-07-02,Bakery,20.19
C0146,2025-09-08,Snacks,20.38
C0146,2025-10-02,Coffee,34.51
C0146,2025-09-05,Snacks,25.64
C0146,2026-05-31,Accessories,13.99
C0147,2026-06-02,Accessories,12.43
C0147,2025-12-02,Coffee,21.24
C0147,2026-04-10,Tea,9.32
C0147,2025-10-19,Coffee,18.7
C0147,2025-12-02,Bakery,16.56
C0147,2026-03-04,Accessories,24.48
C0147,2026-01-01,Snacks,16.19
C0148,2026-06-15,Bakery,18.91
C0148,2026-08-20,Coffee,7.51
C0148,2026-08-27,Coffee,18.62
C0148,2026-05-03,Coffee,25.84
C0148,2025-12-17,Coffee,8.75
C0148,2025-09-08,Bakery,17.13
C0148,2026-03-14,Snacks,26.52
C0148,2026-02-15,Tea,27.77
C0148,2025-11-18,Bakery,11.02
C0149,2026-06-24,Coffee,15.08
C0149,2025-12-15,Tea,15.47
C0149,2026-03-02,Bakery,19.08
C0149,2025-09-23,Accessories,12.11
C0150,2026-07-25,Accessories,28.38
C0150,2026-01-12,Bakery,26.35
C0150,2025-11-13,Tea,21.32
C0151,2026-02-10,Snacks,13.21
C0151,2026-05-16,Tea,13.11
C0151,2026-02-17,Coffee,8.11
C0151,2026-04-27,Accessories,6.34
C0151,2026-06-04,Tea,5.21
C0151,2026-03-15,Coffee,7.56
C0151,2026-08-01,Bakery,10.01
C0152,2026-03-24,Snacks,28.53
C0152,2026-02-22,Coffee,15.91
C0152,2026-08-15,Snacks,48.01
C0152,2026-07-27,Snacks,50.59
C0152,2025-10-28,Coffee,13.98
C0152,2026-02-04,Tea,47.45
C0153,2026-02-22,Coffee,21.48
C0153,2025-09-22,Coffee,22.16
C0153,2026-05-17,Bakery,9.14
C0153,2025-12-19,Coffee,12.85
C0153,2026-04-18,Coffee,9.28
C0153,2025-12-10,Tea,23.04
C0153,2026-07-23,Coffee,11.12
C0153,2026-08-21,Coffee,10.75
C0153,2025-10-16,Coffee,13.01
C0153,2025-11-19,Accessories,19.59
C0153,2025-09-08,Snacks,31.39
C0153,2025-12-23,Bakery,32.57
C0153,2025-12-31,Accessories,19.16
C0153,2025-11-12,Bakery,29.74
C0153,2026-07-13,Coffee,12.29
C0154,2026-06-09,Tea,11.69
C0154,2026-03-22,Coffee,7.91
C0154,2026-03-04,Coffee,4.79
C0154,2026-07-21,Bakery,8.88
C0154,2025-11-11,Accessories,9.87
C0154,2026-07-08,Accessories,5.39
C0154,2026-03-13,Accessories,10.22
C0154,2026-05-13,Snacks,3.58
C0155,2025-09-18,Coffee,13.85
C0155,2026-01-31,Snacks,8.53
C0155,2026-06-13,Coffee,7.35
C0155,2026-05-22,Coffee,10.63
C0155,2025-12-14,Coffee,18.67
C0155,2026-07-14,Coffee,15.35
C0155,2026-02-20,Coffee,14.21
C0156,2025-12-31,Accessories,10.55
C0156,2026-04-09,Accessories,10.25
C0156,2026-03-13,Coffee,9.63
C0156,2026-04-02,Bakery,20.67
C0156,2026-03-04,Coffee,11.01
C0156,2026-01-15,Tea,10.22
C0156,2025-12-09,Coffee,15.49
C0157,2026-08-08,Accessories,24.09
C0157,2026-05-25,Snacks,11.64
C0157,2025-10-18,Coffee,6.43
C0157,2025-09-03,Coffee,15.28
C0157,2026-07-28,Coffee,13.04
C0157,2026-07-18,Coffee,12.4
C0157,2026-04-13,Accessories,20.94
C0157,2026-08-13,Coffee,11.79
C0157,2026-06-29,Accessories,7.87
C0157,2025-09-12,Coffee,7.28
C0157,2026-04-06,Coffee,8.96
C0157,2026-01-14,Coffee,20.36
C0158,2026-06-07,Tea,25.85
C0158,2025-12-26,Accessories,26.51
C0158,2025-12-12,Snacks,11.41
C0158,2026-08-18,Bakery,22.6
C0158,2026-01-25,Accessories,10.39
C0158,2025-10-18,Bakery,18.05
C0158,2026-04-30,Snacks,18.83
C0158,2025-10-30,Snacks,17.73
C0159,2025-11-23,Bakery,8.24
C0159,2026-02-14,Snacks,6.09
C0159,2026-02-21,Bakery,6.64
C0159,2025-09-19,Tea,7.13
C0159,2025-10-12,Tea,3.27
C0159,2025-12-26,Bakery,8.99
C0159,2025-11-15,Snacks,3.28
C0160,2025-09-21,Coffee,9.43
C0160,2025-11-04,Coffee,25.87
C0160,2026-07-14,Coffee,8.2
C0160,2026-07-19,Accessories,13.87
C0160,2026-06-23,Coffee,8.86
C0160,2026-02-10,Accessories,22.63
C0160,2026-02-22,Coffee,16.46
C0161,2025-11-06,Bakery,25.43
C0161,2026-01-03,Bakery,24.02
C0161,2026-02-05,Coffee,14.53
C0161,2026-04-02,Tea,17.45
C0161,2026-03-20,Accessories,22.11
C0161,2025-12-14,Tea,18.06
C0162,2026-01-27,Snacks,6.18
C0162,2025-09-09,Snacks,17.83
C0162,2026-06-01,Bakery,20.94
C0162,2026-06-01,Tea,20.87
C0162,2026-04-04,Tea,10.48
C0162,2025-12-03,Snacks,16.86
C0162,2026-02-01,Coffee,7.63
C0162,2026-06-04,Coffee,8.13
C0162,2025-10-28,Coffee,10.26
C0162,2025-11-25,Accessories,10.25
C0162,2026-01-11,Coffee,19.63
C0163,2025-10-26,Snacks,32.74
C0163,2026-02-27,Coffee,20.46
C0163,2026-07-03,Snacks,19.8
C0163,2025-09-29,Snacks,16.9
C0163,2025-12-07,Coffee,25.37
C0163,2025-11-09,Tea,21.28
C0163,2025-11-01,Snacks,28.35
C0163,2026-07-16,Bakery,33.64
C0163,2026-04-22,Coffee,25.35
C0163,2026-03-09,Bakery,12.96
C0163,2025-10-06,Coffee,17.6
C0163,2025-10-16,Accessories,11.84
C0164,2026-01-28,Tea,13.75
C0164,2026-07-03,Bakery,35.43
C0164,2026-02-12,Tea,22.04
C0164,2025-09-11,Bakery,23.87
C0164,2026-01-27,Snacks,10.71
C0164,2026-02-11,Snacks,23.39
C0165,2026-03-27,Tea,30.4
C0165,2026-07-01,Snacks,37.42
C0165,2026-02-07,Accessories,48.22
C0165,2026-08-13,Bakery,50.8
C0165,2026-08-15,Coffee,41.44
C0165,2026-02-16,Bakery,52.46
C0166,2026-01-12,Accessories,7.34
C0166,2026-04-17,Coffee,12.73
C0166,2025-11-30,Coffee,10.92
C0166,2026-04-07,Coffee,14.95
C0166,2026-06-26,Snacks,15.42
C0166,2026-07-24,Accessories,7.41
C0166,2026-01-12,Coffee,11.93
C0167,2025-10-25,Coffee,21.35
C0167,2026-01-18,Accessories,25.95
C0167,2026-08-10,Snacks,36.84
C0167,2025-09-17,Accessories,16.7
C0167,2025-12-30,Tea,34.75
C0167,2026-04-17,Coffee,36.68
C0167,2025-11-07,Accessories,33.4
C0167,2026-06-30,Coffee,40.18
C0168,2026-01-25,Bakery,8.99
C0168,2025-11-09,Snacks,9.63
C0168,2025-11-05,Coffee,16
C0168,2026-07-27,Coffee,11.46
C0168,2026-08-13,Bakery,14.72
C0169,2025-10-22,Snacks,5.17
C0169,2026-03-28,Tea,7.22
C0169,2026-03-15,Tea,6.78
C0169,2026-01-27,Bakery,15.05
C0169,2025-12-25,Coffee,13.98
C0169,2026-04-08,Bakery,8.09
C0170,2025-12-03,Bakery,42.89
C0170,2025-12-28,Tea,46.71
C0170,2025-10-01,Bakery,41.77
C0170,2026-01-20,Bakery,36.3
C0170,2026-04-25,Accessories,48.82
C0170,2026-06-07,Coffee,40.9
C0170,2026-06-26,Bakery,32.96
C0170,2026-01-09,Coffee,25.23
C0170,2026-05-13,Snacks,35.64
C0170,2026-02-02,Coffee,21.99
C0170,2025-12-26,Tea,36.64
C0171,2026-07-13,Coffee,22.44
C0171,2025-09-27,Coffee,31.12
C0171,2025-12-08,Tea,36.84
C0171,2025-10-20,Tea,31.3
C0172,2026-01-18,Coffee,16.56
C0172,2025-11-19,Accessories,17.23
C0172,2025-12-18,Accessories,22.86
C0172,2026-07-16,Accessories,24.21
C0172,2026-05-02,Coffee,17.72
C0172,2026-02-20,Bakery,49.5
C0173,2026-02-19,Bakery,11.23
C0173,2026-07-31,Snacks,11.18
C0173,2025-09-04,Bakery,4.9
C0173,2025-10-20,Coffee,5.35
C0173,2026-08-14,Tea,9.08
C0173,2026-01-16,Coffee,8.26
C0173,2026-04-08,Coffee,8.38
C0173,2026-01-25,Coffee,10.91
C0173,2026-08-29,Tea,5.34
C0174,2026-06-22,Tea,19.87
C0174,2026-04-16,Snacks,15.56
C0174,2026-06-24,Snacks,26.8
C0174,2026-03-15,Snacks,24.76
C0174,2025-09-07,Coffee,19.01
C0175,2025-10-09,Accessories,40.57
C0175,2026-01-04,Coffee,14.21
C0175,2025-10-04,Coffee,12.41
C0175,2026-04-19,Bakery,14.44
C0175,2026-05-08,Coffee,18.28
C0175,2025-12-09,Coffee,27.27
C0175,2026-06-09,Accessories,40.1
C0175,2025-11-26,Coffee,12.22
C0175,2026-04-24,Coffee,11.17
C0175,2025-12-19,Snacks,25.22
C0175,2025-09-08,Coffee,14
C0175,2026-06-18,Snacks,30.03
C0175,2026-01-13,Snacks,30.36
C0176,2026-06-29,Accessories,15.34
C0176,2025-10-15,Snacks,6.56
C0176,2026-08-26,Coffee,11.95
C0176,2026-03-17,Bakery,12.87
C0176,2026-02-15,Snacks,5.11
C0176,2025-10-28,Tea,17.86
C0176,2026-08-09,Bakery,7.62
C0177,2026-02-15,Snacks,22.19
C0177,2025-12-14,Bakery,27.69
C0177,2026-04-22,Accessories,14.75
C0177,2025-12-03,Tea,26.55
C0177,2026-03-16,Bakery,15.71
C0177,2026-04-07,Tea,30.58
C0177,2026-06-25,Tea,11.86
C0178,2025-09-25,Coffee,13.52
C0178,2026-03-10,Tea,21.19
C0178,2025-12-21,Coffee,18.53
C0178,2026-02-05,Bakery,15.13
C0178,2025-12-08,Coffee,8.72
C0178,2025-12-18,Snacks,24.61
C0178,2026-02-10,Coffee,20.74
C0178,2025-11-20,Coffee,9.58
C0178,2025-10-05,Coffee,14.02
C0178,2026-07-09,Accessories,9.94
C0179,2025-12-22,Accessories,6.59
C0179,2025-10-16,Bakery,3.93
C0179,2026-04-03,Coffee,2.26
C0179,2025-12-14,Snacks,2.76
C0179,2026-02-20,Tea,2.32
C0179,2025-10-18,Coffee,3.54
C0179,2025-12-12,Coffee,6.27
C0179,2026-02-15,Tea,5.7
C0179,2025-09-29,Coffee,2.2
C0179,2025-11-18,Coffee,4.78
C0179,2025-12-26,Snacks,7.08
C0179,2026-04-15,Tea,4.07
C0180,2025-11-22,Bakery,9.95
C0180,2026-04-19,Tea,9.92
C0180,2026-02-07,Tea,19.28
C0180,2026-02-13,Tea,10.87
C0180,2026-02-11,Snacks,11.88
C0180,2025-12-21,Coffee,11.41
C0180,2026-04-25,Accessories,13.57
C0180,2026-04-11,Accessories,6.26
C0180,2026-01-02,Tea,9.77
C0181,2026-05-22,Snacks,15.46
C0181,2026-04-03,Accessories,24.11
C0181,2026-04-17,Bakery,8.58
C0181,2025-11-27,Bakery,17.83
C0181,2025-12-26,Snacks,24.28
C0181,2026-07-12,Bakery,26.62
C0182,2026-03-15,Bakery,40.33
C0182,2026-04-04,Snacks,29.97
C0182,2025-10-28,Tea,19.97
C0182,2025-12-27,Snacks,37.05
C0182,2026-07-12,Tea,22.76
C0182,2025-12-17,Accessories,23.52
C0183,2026-05-30,Snacks,14.23
C0183,2025-11-24,Bakery,16.51
C0183,2026-07-14,Accessories,18.91
C0183,2026-08-10,Bakery,13.73
C0184,2026-05-14,Bakery,19.32
C0184,2026-04-26,Tea,41.5
C0184,2025-10-17,Coffee,18.25
C0184,2026-02-03,Bakery,24.08
C0184,2025-11-13,Snacks,25.93
C0184,2026-03-16,Accessories,19.22
C0184,2026-07-02,Snacks,38.71
C0184,2026-03-04,Coffee,15.02
C0184,2026-02-19,Coffee,30.73
C0184,2026-02-19,Coffee,34.21
C0185,2026-08-01,Snacks,22.05
C0185,2025-09-12,Tea,10.28
C0185,2025-12-09,Tea,8.67
C0185,2026-08-11,Tea,13.31
C0185,2025-10-12,Snacks,24.48
C0185,2025-12-20,Tea,21.28
C0185,2026-02-15,Tea,10.59
C0185,2026-04-12,Coffee,15.81
C0185,2025-10-01,Accessories,15.53
C0186,2026-05-24,Accessories,14.51
C0186,2025-11-28,Snacks,39.34
C0186,2026-02-01,Bakery,39.38
C0187,2025-09-29,Snacks,7.09
C0187,2026-05-19,Tea,4.97
C0187,2025-12-01,Accessories,8.59
C0187,2026-06-17,Bakery,14.55
C0187,2025-12-08,Bakery,14.31
C0187,2025-10-11,Tea,10.16
C0187,2026-03-19,Accessories,13.71
C0187,2026-03-29,Bakery,8.52
C0187,2025-11-30,Coffee,6.55
C0187,2025-10-28,Bakery,4.63
C0187,2025-09-20,Bakery,12.25
C0187,2026-03-05,Tea,6.59
C0187,2025-09-07,Accessories,9.84
C0188,2025-10-24,Tea,25.96
C0188,2026-05-26,Tea,13.6
C0188,2026-08-07,Tea,14.19
C0188,2025-11-19,Bakery,13.4
C0188,2026-07-17,Snacks,15.44
C0189,2026-01-09,Snacks,17.33
C0189,2025-12-12,Snacks,6.62
C0189,2026-05-04,Tea,6.47
C0189,2026-07-20,Tea,16.36
C0189,2026-07-09,Snacks,8.55
C0189,2026-01-02,Bakery,12.62
C0189,2026-07-26,Bakery,11.08
C0190,2025-11-11,Snacks,9.83
C0190,2026-02-09,Snacks,10.18
C0190,2026-02-24,Coffee,7.62
C0190,2026-07-30,Bakery,9.62
C0190,2025-12-05,Bakery,6.26
C0190,2026-01-18,Accessories,5.68
C0190,2026-04-18,Bakery,8.95
C0190,2025-12-25,Tea,8.32
C0191,2026-02-23,Tea,2.85
C0191,2026-01-01,Tea,8.57
C0191,2026-07-04,Coffee,5.42
C0192,2025-09-16,Bakery,4.21
C0192,2026-07-01,Bakery,2.44
C0192,2026-07-08,Coffee,1.5
C0192,2025-11-12,Snacks,1.67
C0192,2026-06-12,Snacks,1.5
C0192,2025-10-11,Bakery,3.53
C0192,2026-06-22,Coffee,2.49
C0192,2025-11-28,Snacks,3.03
C0192,2026-02-12,Coffee,2.04
C0192,2026-01-03,Snacks,3.52
C0193,2025-12-03,Coffee,23.56
C0193,2026-05-13,Accessories,21.45
C0193,2026-06-23,Coffee,19.34
C0193,2026-06-29,Coffee,13.99
C0193,2025-09-11,Coffee,19.5
C0193,2025-11-28,Tea,12.04
C0193,2026-02-13,Coffee,17.01
C0194,2026-06-27,Tea,24.26
C0194,2025-11-27,Accessories,40.78
C0194,2026-03-03,Accessories,36.76
C0194,2025-11-01,Coffee,30.31
C0194,2026-02-16,Tea,11.42
C0194,2026-08-02,Coffee,21.02
C0194,2025-12-10,Accessories,29.3
C0194,2025-10-04,Tea,16.11
C0194,2026-08-14,Tea,11.58
C0195,2026-01-05,Snacks,21.18
C0195,2025-11-12,Accessories,28.7
C0195,2026-07-08,Bakery,13.67
C0195,2026-07-02,Coffee,24.13
C0195,2025-12-16,Bakery,17.79
C0195,2025-09-17,Tea,16.27
C0196,2026-06-21,Tea,15.41
C0196,2026-04-19,Coffee,6.93
C0196,2026-06-04,Tea,15.18
C0196,2025-10-06,Tea,12.18
C0196,2026-01-09,Snacks,9.64
C0196,2026-04-23,Snacks,17.46
C0196,2025-12-01,Snacks,13.78
C0196,2026-02-08,Tea,9.38
C0196,2026-05-17,Accessories,20.95
C0196,2026-01-22,Tea,22.66
C0197,2026-04-27,Accessories,21.48
C0197,2025-10-16,Tea,20.95
C0197,2026-08-19,Coffee,18.77
C0198,2026-01-09,Coffee,1.5
C0198,2026-07-21,Accessories,1.5
C0198,2026-03-01,Tea,1.5
C0198,2026-01-23,Snacks,1.5
C0198,2025-11-29,Bakery,1.5
C0198,2026-06-02,Tea,1.5
C0198,2025-09-12,Bakery,1.52
C0198,2025-10-03,Accessories,1.5
C0198,2026-05-16,Coffee,1.5
C0198,2026-03-15,Accessories,1.5
C0198,2026-02-06,Bakery,1.71
C0198,2026-05-28,Accessories,1.5
C0199,2026-05-15,Accessories,21.36
C0199,2026-08-20,Tea,19.31
C0199,2026-06-27,Coffee,13.46
C0199,2026-01-01,Bakery,21.58
C0199,2026-03-29,Snacks,15.77
C0199,2026-05-31,Snacks,15.53
C0200,2026-05-07,Tea,17.03
C0200,2026-05-11,Coffee,9.72
C0200,2026-02-09,Tea,9.22
C0200,2026-04-14,Tea,20.66
C0200,2025-09-26,Tea,16.5
C0200,2026-08-25,Coffee,14.33
C0200,2026-08-08,Coffee,16.65
C0200,2026-04-01,Coffee,15.24
C0200,2025-12-08,Accessories,15.98
C0200,2025-09-10,Coffee,14.8
C0200,2025-11-12,Bakery,14.4
C0201,2026-03-09,Tea,17.34
C0201,2026-04-24,Tea,23.97
C0201,2026-06-16,Tea,10.75
C0201,2026-05-22,Accessories,15.28
C0201,2026-04-28,Accessories,17.72
C0201,2026-02-15,Bakery,9.11
C0201,2025-09-12,Accessories,21.08
C0201,2026-08-14,Snacks,20.67
C0202,2026-03-22,Snacks,13.5
C0202,2026-03-09,Snacks,13.3
C0202,2026-03-20,Accessories,5.01
C0202,2025-12-27,Snacks,7.5
C0202,2026-05-16,Snacks,11.38
C0202,2025-12-11,Coffee,6.93
C0202,2026-04-24,Tea,4.68
C0202,2026-04-20,Accessories,5.33
C0202,2026-08-04,Snacks,6.17
C0202,2025-09-14,Accessories,4.08
C0203,2025-12-09,Tea,49.26
C0203,2026-04-21,Bakery,17.24
C0203,2026-01-23,Bakery,42.29
C0203,2026-08-30,Accessories,22.78
C0204,2026-02-14,Snacks,13.88
C0204,2026-06-28,Coffee,9.64
C0204,2026-07-30,Tea,13.87
C0204,2026-05-11,Coffee,6.5
C0204,2026-03-18,Tea,10.24
C0205,2026-03-18,Coffee,10.66
C0205,2025-10-31,Coffee,12.63
C0205,2026-02-13,Accessories,24.53
C0205,2025-10-17,Coffee,18.04
C0205,2026-02-01,Accessories,23.63
C0206,2025-09-06,Snacks,12.99
C0206,2025-09-13,Coffee,21.71
C0206,2026-01-23,Tea,12.93
C0206,2026-05-09,Coffee,9.37
C0206,2025-10-05,Tea,25.03
C0207,2026-04-21,Snacks,18.81
C0207,2025-10-22,Accessories,15.24
C0207,2026-05-14,Tea,23.99
C0207,2026-06-01,Coffee,9.38
C0207,2025-09-14,Snacks,26.97
C0207,2026-05-25,Coffee,6.28
C0207,2025-12-28,Tea,17.78
C0207,2026-02-15,Tea,10.77
C0207,2026-03-28,Tea,11.59
C0207,2026-05-29,Bakery,15.31
C0207,2026-01-25,Bakery,26.47
C0208,2026-08-29,Coffee,22.2
C0208,2026-05-08,Snacks,21.3
C0208,2026-06-25,Tea,37.67
C0208,2026-04-16,Accessories,13.02
C0208,2025-09-21,Bakery,32.26
C0208,2026-08-16,Snacks,12
C0208,2026-02-27,Tea,14.24
C0208,2025-10-25,Accessories,19.13
C0208,2025-10-15,Coffee,22.9
C0209,2026-03-23,Coffee,11.66
C0209,2026-07-19,Tea,20.03
C0209,2026-02-04,Accessories,24.57
C0209,2025-09-30,Coffee,23.72
C0209,2025-09-01,Accessories,29.1
C0209,2025-12-10,Accessories,35.06
C0209,2025-12-14,Coffee,27.47
C0209,2026-08-06,Tea,22.6
C0209,2026-04-30,Bakery,17.77
C0210,2026-01-29,Snacks,37.06
C0210,2025-11-29,Snacks,33.79
C0210,2026-01-14,Tea,18.57
C0210,2025-12-04,Coffee,15.48
C0210,2026-02-01,Coffee,16.74
C0210,2025-09-07,Bakery,21.34
C0210,2025-09-19,Coffee,21.19
C0210,2026-07-29,Coffee,26.46
C0210,2026-01-30,Bakery,13.04
C0210,2025-12-03,Bakery,22.14
C0210,2025-10-18,Snacks,28.95
C0210,2026-02-14,Bakery,32.07
C0210,2026-06-27,Bakery,13.7
C0211,2025-12-28,Accessories,55.77
C0211,2025-10-06,Tea,17.12
C0211,2025-12-07,Accessories,37.38
C0211,2026-02-08,Accessories,27.83
C0211,2026-03-09,Snacks,23.62
C0212,2026-07-08,Snacks,17.9
C0212,2026-07-26,Snacks,9.33
C0212,2026-03-15,Snacks,9.03
C0212,2026-05-15,Bakery,10.14
C0212,2026-07-28,Bakery,8.15
C0212,2026-08-13,Coffee,11.62
C0212,2026-07-18,Snacks,13.94
C0212,2026-03-15,Bakery,16.54
C0213,2026-06-21,Accessories,15.12
C0213,2026-05-27,Snacks,23.41
C0213,2025-09-10,Bakery,18.33
C0213,2026-01-18,Snacks,20.45
C0213,2026-04-03,Tea,20.32
C0213,2026-07-17,Snacks,15.48
C0213,2026-03-17,Accessories,18.2
C0213,2026-03-09,Bakery,13.18
C0213,2026-01-01,Tea,28.34
C0213,2026-07-15,Coffee,17.68
C0213,2026-08-04,Accessories,19.78
C0213,2026-05-21,Tea,24.51
C0213,2025-10-21,Coffee,16.65
C0213,2026-07-16,Coffee,9.94
C0214,2026-07-19,Tea,22.83
C0214,2026-03-09,Bakery,11.35
C0214,2026-02-12,Accessories,19.47
C0214,2026-05-29,Snacks,10.43
C0214,2026-07-02,Accessories,11.09
C0214,2026-05-07,Coffee,5.71
C0214,2025-11-13,Coffee,19.25
C0214,2025-11-01,Snacks,9.92
C0214,2025-11-14,Bakery,7.55
C0214,2026-01-20,Accessories,16.06
C0214,2025-11-11,Accessories,14.71
C0214,2026-03-13,Bakery,15.12
C0215,2026-01-17,Tea,13.86
C0215,2026-05-28,Tea,17.87
C0215,2026-06-18,Bakery,6.42
C0215,2026-05-14,Bakery,9.72
C0215,2026-05-25,Snacks,14.54
C0215,2026-02-13,Tea,9.74
C0215,2025-10-02,Snacks,15.58
C0215,2026-07-24,Tea,10.56
C0216,2026-08-09,Accessories,30.82
C0217,2026-07-16,Coffee,17.47
C0217,2025-09-06,Accessories,6.09
C0217,2026-01-03,Coffee,7.07
C0217,2026-08-30,Snacks,19.12
C0218,2026-05-28,Tea,13.2
C0218,2026-02-05,Bakery,12.84
C0219,2026-02-11,Coffee,12.81
C0219,2026-05-27,Bakery,26.3
C0219,2026-08-13,Snacks,15.11
C0219,2026-04-17,Accessories,37.13
C0219,2026-05-19,Tea,23.5
C0219,2026-01-28,Coffee,28.74
C0219,2026-07-03,Bakery,37.22
C0219,2025-12-06,Bakery,19.86
C0219,2026-01-11,Coffee,21.88
C0219,2025-12-21,Snacks,26.4
C0219,2026-04-19,Coffee,14.78
C0219,2026-02-11,Snacks,38.07
C0219,2026-04-07,Coffee,11.79
C0220,2026-03-11,Tea,15.78
C0220,2025-10-29,Bakery,8.25
C0220,2026-05-16,Tea,8.92
C0220,2026-06-15,Coffee,13.73
C0220,2026-07-17,Coffee,18.37
C0221,2025-11-05,Coffee,8.52
C0221,2025-10-15,Bakery,12.98
C0221,2025-11-25,Tea,15.35
C0221,2025-11-09,Coffee,10.81
C0221,2026-08-28,Accessories,5.54
C0221,2026-03-07,Coffee,4.94
C0221,2026-07-26,Coffee,5.19
C0221,2025-11-05,Bakery,11.47
C0221,2026-04-20,Tea,13.25
C0221,2026-08-09,Snacks,12.04
C0222,2026-04-25,Snacks,13.7
C0222,2026-03-03,Snacks,30.56
C0222,2025-12-05,Tea,49.85
C0222,2025-11-01,Snacks,28.54
C0222,2026-02-10,Accessories,34.69
C0223,2026-04-05,Accessories,9.22
C0223,2026-08-29,Accessories,5.92
C0223,2026-08-12,Bakery,10.29
C0223,2026-07-30,Snacks,5.34
C0223,2026-06-28,Snacks,10.77
C0223,2026-05-31,Coffee,9.34
C0224,2025-12-06,Tea,21.56
C0224,2025-11-03,Bakery,22.09
C0224,2026-01-08,Bakery,10.92
C0224,2026-02-05,Snacks,8.47
C0224,2025-12-29,Coffee,8.83
C0224,2026-07-01,Accessories,9
C0225,2026-03-15,Tea,35.28
C0225,2026-04-16,Accessories,54.42
C0225,2026-08-03,Tea,26.17
C0225,2026-06-27,Tea,29.35
C0225,2025-09-02,Coffee,45.91
C0225,2026-01-28,Accessories,35.17
C0225,2026-06-10,Accessories,59.25
C0225,2026-02-04,Coffee,44.81
C0225,2026-07-22,Snacks,45.63
C0226,2026-05-04,Accessories,7.28
C0226,2026-08-31,Tea,11
C0226,2025-12-29,Bakery,7.13
C0226,2025-10-30,Tea,10.31
C0226,2025-10-14,Snacks,5.5
C0227,2026-01-09,Accessories,13.3
C0227,2025-12-09,Coffee,20.31
C0227,2026-08-20,Tea,17.55
C0227,2026-06-20,Snacks,18.3
C0228,2026-01-20,Accessories,22.54
C0228,2026-06-12,Snacks,19.49
C0228,2026-03-22,Bakery,11.19
C0228,2026-05-12,Snacks,21.72
C0228,2025-10-03,Snacks,8.31
C0228,2025-11-18,Bakery,17.31
C0228,2026-08-28,Coffee,8.71
C0228,2025-09-22,Bakery,20.76
C0228,2026-05-27,Accessories,16.44
C0228,2026-06-14,Snacks,20.51
C0229,2026-05-05,Snacks,22.21
C0229,2025-11-12,Accessories,17.54
C0229,2026-05-30,Coffee,11.81
C0229,2026-06-17,Snacks,28.99
C0229,2025-10-03,Coffee,27.43
C0230,2026-04-21,Snacks,7.28
C0230,2026-02-14,Tea,15.81
C0230,2025-09-03,Coffee,12.66
C0230,2025-11-02,Coffee,13.37
C0230,2026-03-15,Bakery,10.88
C0230,2025-11-16,Coffee,8.92
C0230,2026-01-28,Coffee,5.98
C0230,2025-11-14,Tea,18.05
C0230,2026-07-30,Tea,11.39
C0230,2025-12-29,Coffee,6.27
C0230,2026-08-30,Coffee,5.71
C0230,2025-11-15,Coffee,10.05
C0231,2025-12-13,Coffee,24.51
C0231,2026-08-14,Accessories,27.96
C0231,2025-12-03,Coffee,14.18
C0231,2025-11-16,Coffee,26.34
C0231,2025-10-19,Coffee,18.73
C0231,2026-05-23,Coffee,31.17
C0231,2025-11-09,Accessories,43.62
C0231,2026-08-07,Tea,49.97
C0232,2025-11-14,Coffee,22.9
C0232,2026-08-23,Accessories,18.78
C0232,2025-12-31,Snacks,13.12
C0233,2026-02-22,Tea,21.91
C0233,2025-09-06,Accessories,15.61
C0233,2026-02-16,Bakery,16.53
C0233,2026-01-07,Bakery,18.4
C0233,2026-08-07,Coffee,13.67
C0234,2025-09-19,Coffee,5.21
C0234,2026-05-21,Bakery,6.8
C0234,2026-08-21,Accessories,7.91
C0234,2026-08-09,Tea,4.06
C0234,2026-08-26,Accessories,8.66
C0234,2026-05-13,Tea,7.48
C0234,2026-02-28,Coffee,6.16
C0235,2026-01-20,Tea,12.53
C0235,2026-03-11,Bakery,34.27
C0235,2025-10-21,Accessories,17.85
C0235,2026-02-18,Snacks,20.96
C0235,2026-03-08,Tea,23.17
C0235,2026-03-07,Coffee,10
C0235,2026-05-05,Snacks,9.64
C0235,2026-01-16,Bakery,14.25
C0235,2026-07-08,Accessories,18.66
C0236,2026-01-16,Coffee,13.03
C0236,2026-05-01,Tea,12.31
C0236,2026-03-16,Accessories,24.38
C0237,2025-11-03,Tea,15.02
C0237,2026-05-10,Coffee,9.31
C0237,2026-02-08,Bakery,10.9
C0237,2026-04-10,Coffee,5.27
C0238,2026-05-22,Tea,11.27
C0238,2026-08-18,Snacks,19.25
C0238,2025-09-10,Coffee,23.04
C0238,2025-12-14,Snacks,23.95
C0238,2026-06-02,Tea,36.47
C0238,2025-10-21,Coffee,27.22
C0238,2025-12-19,Accessories,24.45
C0238,2026-01-08,Accessories,31.54
C0239,2025-09-15,Snacks,19.09
C0239,2026-05-30,Bakery,8.92
C0239,2025-11-13,Accessories,12.57
C0239,2026-06-12,Tea,16.99
C0239,2025-09-21,Snacks,22.84
C0239,2026-02-07,Coffee,16.84
C0239,2026-03-07,Bakery,11.62
C0239,2026-05-29,Coffee,25.36
C0239,2026-06-29,Bakery,19.18
C0239,2026-06-26,Tea,27.11
C0240,2026-03-28,Coffee,13.19
C0240,2026-04-27,Accessories,5.64
C0240,2026-08-30,Coffee,13.79
C0240,2025-09-23,Tea,12.48
C0240,2025-10-19,Tea,13.17
C0240,2026-01-02,Coffee,12.97
C0240,2026-05-05,Accessories,4.47
C0240,2026-03-24,Coffee,10.55
C0240,2025-09-06,Accessories,16.08
C0240,2026-08-22,Bakery,16.73
C0240,2026-03-11,Bakery,5.3
C0240,2026-06-30,Accessories,10.31
C0240,2026-06-06,Accessories,16.33
C0241,2026-03-01,Accessories,3.2
C0241,2026-07-05,Snacks,5.6
C0241,2026-06-20,Snacks,8.24
C0241,2026-06-14,Bakery,3.56
C0242,2025-10-28,Accessories,22.17
C0242,2026-04-15,Coffee,31.13
C0242,2025-12-04,Coffee,35.1
C0243,2026-04-13,Snacks,36.75
C0243,2025-09-30,Coffee,19
C0243,2025-11-12,Coffee,23.56
C0243,2025-09-04,Accessories,37.45
C0243,2026-01-24,Bakery,12.88
C0243,2025-10-25,Accessories,14.15
C0243,2026-05-01,Tea,35.65
C0243,2025-11-10,Tea,32.59
C0244,2026-04-17,Tea,2
C0244,2025-10-01,Bakery,2.46
C0244,2026-06-02,Accessories,1.85
C0244,2025-12-19,Accessories,1.5
C0244,2025-11-13,Bakery,1.95
C0244,2026-02-04,Tea,2.9
C0244,2025-09-26,Coffee,1.66
C0244,2026-08-14,Bakery,1.5
C0244,2026-03-08,Bakery,1.5
C0244,2026-07-03,Bakery,3.17
C0245,2026-06-26,Coffee,8.64
C0245,2025-11-20,Accessories,10.25
C0245,2026-03-24,Bakery,4.42
C0245,2026-04-18,Bakery,9.81
C0245,2026-07-17,Accessories,3.3
C0245,2025-10-06,Accessories,4.68
C0245,2026-06-09,Coffee,4.54
C0245,2026-03-18,Coffee,8.21
C0245,2026-07-10,Coffee,2.49
C0245,2025-12-15,Bakery,9.02
C0245,2025-12-22,Coffee,5.64
C0245,2026-04-15,Coffee,7.06
C0246,2026-02-21,Accessories,8.83
C0246,2025-11-26,Tea,13.86
C0246,2026-02-20,Coffee,5.21
C0247,2026-07-09,Tea,9.64
C0247,2026-08-21,Tea,8.76
C0247,2026-08-09,Accessories,18.23
C0247,2026-01-30,Coffee,16.15
C0247,2025-12-18,Coffee,16.68
C0247,2026-06-06,Coffee,9.61
C0248,2026-05-15,Bakery,8.72
C0248,2025-10-09,Tea,5.94
C0248,2025-10-27,Bakery,7.08
C0248,2026-07-21,Snacks,9.43
C0248,2026-01-21,Tea,12.24
C0248,2026-08-28,Accessories,4.63
C0248,2025-09-14,Tea,6.52
C0248,2026-06-09,Coffee,7.71
C0249,2026-03-30,Coffee,3.84
C0249,2025-11-15,Coffee,4.56
C0249,2026-06-05,Coffee,6.07
C0249,2026-02-01,Coffee,6.44
C0249,2026-02-27,Bakery,7.13
C0249,2026-01-07,Coffee,2.8
C0249,2026-07-07,Tea,7.67
C0249,2026-05-22,Snacks,8.53
C0250,2025-09-04,Coffee,15.11
C0250,2025-12-04,Tea,15.88
C0250,2026-08-13,Tea,21.25
C0250,2026-01-11,Tea,10.7
C0250,2025-12-07,Accessories,12.61
C0250,2026-08-27,Accessories,10.7
C0251,2025-09-17,Tea,31.57
C0251,2026-02-15,Accessories,28.52
C0251,2026-02-28,Snacks,38.59
C0251,2026-07-17,Coffee,19.34
C0251,2026-01-11,Bakery,31.83
C0251,2026-01-29,Accessories,35.07
C0252,2025-10-26,Bakery,12.2
C0252,2026-04-25,Coffee,12.04
C0252,2025-11-15,Coffee,19.6
C0252,2025-11-03,Coffee,13.49
C0252,2026-08-31,Tea,10.34
C0253,2025-09-22,Bakery,67.67
C0253,2025-12-03,Coffee,39.13
C0253,2025-11-05,Coffee,22.24
C0253,2025-11-10,Coffee,18.4
C0253,2025-09-25,Bakery,68.4
C0253,2026-05-20,Coffee,25.85
C0254,2026-06-07,Bakery,7.43
C0254,2026-03-20,Tea,12.76
C0254,2026-03-04,Accessories,15.07
C0254,2026-08-06,Snacks,12.34
C0255,2025-11-21,Accessories,11.65
C0255,2026-07-29,Snacks,23.55
C0255,2026-05-09,Coffee,10.48
C0255,2025-10-18,Snacks,9.37
C0255,2025-09-06,Accessories,12.61
C0255,2025-09-15,Snacks,31.16
C0256,2026-04-30,Coffee,9.73
C0256,2025-12-21,Accessories,9.96
C0256,2025-11-17,Bakery,25.82
C0256,2025-09-12,Coffee,18.65
C0256,2026-08-26,Snacks,33.55
C0257,2026-08-17,Accessories,8.78
C0257,2026-07-24,Coffee,4.35
C0257,2025-09-07,Snacks,11.6
C0257,2025-12-23,Snacks,10.7
C0257,2025-10-20,Tea,9.25
C0257,2025-10-29,Snacks,16.32
C0257,2026-03-02,Coffee,4.56
C0258,2025-12-25,Snacks,17.24
C0258,2026-08-30,Bakery,11.34
C0258,2026-02-11,Tea,11.33
C0258,2026-08-07,Bakery,12.16
C0258,2025-09-16,Bakery,10.57
C0258,2026-04-14,Snacks,9.7
C0258,2025-11-13,Bakery,10.48
C0258,2026-07-07,Snacks,11.69
C0258,2025-10-30,Coffee,8.37
C0258,2026-02-16,Tea,16.12
C0258,2026-08-22,Coffee,10.84
C0259,2026-02-05,Coffee,24.81
C0259,2026-08-03,Coffee,29.52
C0259,2025-11-10,Coffee,9.54
C0259,2026-02-18,Coffee,15.92
C0259,2026-01-07,Accessories,34.25
C0259,2025-09-09,Coffee,19.39
C0259,2026-05-23,Coffee,22.92
C0259,2025-11-29,Tea,32.62
C0260,2025-12-22,Coffee,8.32
C0260,2025-09-07,Tea,3.36
C0260,2025-11-03,Accessories,8.22
C0260,2026-02-23,Snacks,7.63
C0260,2026-04-19,Snacks,8.01
C0261,2026-07-31,Accessories,25.22
C0261,2026-03-12,Tea,25.55
C0262,2025-12-14,Coffee,18.83
C0262,2026-03-08,Coffee,12.15
C0262,2026-07-24,Bakery,28.17
C0262,2025-11-04,Accessories,30.96
C0262,2026-05-30,Accessories,13.19
C0262,2026-08-19,Accessories,14.73
C0262,2026-06-10,Snacks,30.71
C0262,2026-03-30,Accessories,14.84
C0262,2026-05-10,Accessories,31.3
C0262,2026-01-23,Bakery,29.22
C0262,2026-04-05,Coffee,10.38
C0262,2026-06-25,Tea,12.96
C0262,2025-10-05,Coffee,10.96
C0262,2026-08-03,Bakery,18.42
C0263,2025-12-27,Tea,28.08
C0263,2025-11-02,Accessories,23.28
C0263,2026-04-03,Snacks,18.79
C0263,2026-08-18,Coffee,20.47
C0263,2026-06-11,Coffee,21.99
C0264,2025-12-31,Tea,4.13
C0264,2026-02-01,Tea,8.89
C0264,2026-08-31,Coffee,4.93
C0264,2025-11-29,Coffee,6.03
C0264,2025-12-19,Coffee,3.12
C0264,2026-03-07,Accessories,11.24
C0264,2026-03-18,Snacks,4.01
C0265,2025-09-06,Bakery,35.95
C0265,2025-10-20,Tea,23.89
C0265,2026-08-10,Bakery,32.66
C0265,2026-06-24,Tea,42.79
C0265,2026-01-17,Bakery,43.62
C0265,2026-04-08,Snacks,15.07
C0265,2026-01-31,Accessories,17.46
C0266,2026-04-28,Coffee,11.74
C0266,2026-03-15,Tea,17.74
C0266,2026-07-09,Coffee,11.54
C0266,2026-07-07,Coffee,14.22
C0266,2026-02-11,Coffee,14.67
C0266,2026-03-24,Tea,11.05
C0266,2026-03-10,Coffee,8.15
C0266,2026-08-06,Snacks,8.82
C0266,2025-09-08,Coffee,11.59
C0266,2026-04-19,Coffee,6.59
C0267,2026-02-19,Tea,14.48
C0267,2026-03-21,Coffee,11.6
C0267,2026-07-23,Coffee,17.91
C0267,2026-02-03,Bakery,12.96
C0267,2026-07-02,Tea,19.73
C0267,2026-01-21,Accessories,29.04
C0267,2026-01-22,Snacks,27.65
C0268,2026-08-21,Tea,16.14
C0268,2025-11-18,Bakery,18.66
C0268,2025-11-28,Tea,44.23
C0268,2026-05-29,Bakery,39.98
C0268,2025-11-01,Bakery,42.24
C0268,2025-10-14,Tea,29.42
C0268,2026-02-16,Tea,39.49
C0268,2026-05-15,Snacks,39.01
C0269,2025-10-17,Coffee,15.18
C0269,2026-06-12,Accessories,8.6
C0269,2026-04-24,Tea,10.91
C0269,2026-08-12,Coffee,7.74
C0269,2026-02-25,Coffee,20.59
C0269,2026-05-01,Tea,29.92
C0269,2026-03-02,Accessories,19.94
C0269,2026-08-27,Accessories,23.96
C0269,2026-04-22,Tea,15.35
C0269,2025-12-15,Accessories,22.49
C0269,2026-06-25,Accessories,25.93
C0270,2025-12-12,Accessories,34.26
C0270,2026-06-17,Coffee,16.42
C0270,2026-08-26,Snacks,32.81
C0270,2026-06-18,Bakery,19.76
C0270,2026-03-07,Bakery,30.06
C0270,2025-12-25,Accessories,13.46
C0270,2026-05-02,Coffee,22.71
C0270,2025-10-17,Coffee,24.97
C0270,2026-05-29,Accessories,28.47
C0270,2026-02-01,Bakery,19.21
C0270,2026-01-04,Coffee,17.77
C0270,2025-11-15,Bakery,14.26
C0270,2026-08-24,Snacks,38.48
C0271,2026-06-25,Bakery,29.86
C0271,2026-03-17,Tea,15.11
C0271,2026-07-06,Snacks,16.5
C0271,2026-02-26,Accessories,27.77
C0271,2025-10-14,Snacks,44.41
C0271,2026-06-15,Bakery,13.33
C0271,2026-05-30,Tea,44.13
C0272,2026-08-30,Coffee,43.17
C0272,2026-01-14,Tea,45.69
C0272,2026-07-25,Snacks,47.86
C0272,2025-11-19,Accessories,55.47
C0272,2026-02-04,Coffee,19.83
C0272,2025-12-14,Tea,32.52
C0272,2026-01-02,Snacks,17.48
C0272,2025-09-24,Coffee,23.7
C0272,2026-06-09,Snacks,24.34
C0273,2026-06-22,Accessories,11.83
C0273,2026-02-04,Coffee,8.68
C0273,2026-06-02,Snacks,5.88
C0273,2026-04-16,Tea,16.93
C0273,2026-04-08,Coffee,14.89
C0273,2025-10-22,Coffee,4.79
C0273,2026-07-30,Coffee,6.9
C0273,2025-11-24,Tea,5.97
C0273,2025-10-29,Bakery,17.42
C0274,2026-04-15,Snacks,19.45
C0274,2025-12-16,Accessories,16.76
C0274,2026-05-12,Bakery,25.14
C0274,2026-04-21,Coffee,22.84
C0274,2025-09-12,Accessories,26.95
C0274,2026-02-16,Accessories,13.41
C0274,2026-05-30,Coffee,10.69
C0274,2026-07-07,Coffee,27.72
C0274,2026-07-09,Coffee,27.17
C0274,2025-10-16,Coffee,27.3
C0274,2025-09-16,Tea,10.49
C0274,2026-06-28,Coffee,28.23
C0275,2025-09-24,Bakery,15.48
C0275,2026-06-25,Coffee,19.03
C0275,2025-10-03,Snacks,18.22
C0275,2025-10-06,Coffee,16.61
C0275,2026-06-12,Snacks,17.34
C0275,2025-10-03,Snacks,14.14
C0275,2026-04-12,Snacks,19.17
C0275,2025-10-11,Snacks,8.54
C0275,2025-12-06,Bakery,9.07
C0275,2026-04-29,Snacks,21.55
C0276,2025-12-09,Bakery,23.83
C0276,2026-01-13,Snacks,12.98
C0276,2025-10-10,Bakery,32.56
C0276,2026-01-22,Tea,23.06
C0276,2026-06-05,Bakery,33.25
C0276,2025-09-15,Bakery,24.14
C0276,2025-09-08,Bakery,14.64
C0277,2026-06-24,Coffee,12.09
C0277,2026-01-03,Coffee,32.4
C0277,2026-02-16,Snacks,30.43
C0277,2026-06-07,Snacks,25.49
C0277,2025-09-02,Coffee,32.63
C0277,2026-07-31,Accessories,26.71
C0277,2026-05-04,Coffee,25.06
C0277,2026-08-24,Snacks,41.94
C0277,2026-02-19,Accessories,29.2
C0277,2025-09-23,Bakery,21.78
C0277,2026-08-10,Tea,26.56
C0277,2026-04-10,Accessories,15.14
C0277,2026-07-31,Coffee,32.41
C0277,2025-10-23,Coffee,32.83
C0278,2026-08-06,Tea,23.7
C0278,2026-02-26,Snacks,20.6
C0278,2026-02-17,Snacks,11
C0278,2026-07-28,Coffee,14.24
C0278,2026-01-15,Coffee,10.11
C0278,2025-09-17,Coffee,11.28
C0278,2026-08-27,Coffee,11.74
C0278,2026-08-21,Tea,11.09
C0278,2026-03-29,Coffee,25.2
C0278,2026-03-15,Coffee,14.64
C0278,2025-12-03,Bakery,15.31
C0278,2026-03-14,Coffee,16.25
C0278,2026-02-09,Coffee,14.88
C0278,2025-11-11,Coffee,8.74
C0279,2026-06-22,Bakery,20.29
C0279,2026-08-31,Accessories,19.29
C0279,2026-06-10,Bakery,12.25
C0280,2025-12-31,Coffee,10.24
C0280,2026-08-17,Coffee,19.15
C0280,2026-05-21,Accessories,20.63
C0280,2026-05-02,Bakery,31.42
C0280,2025-09-26,Coffee,13.16
C0280,2026-06-24,Coffee,14.31
C0280,2026-07-11,Bakery,14.58
C0280,2026-03-18,Tea,26.69
C0281,2026-03-09,Accessories,14.6
C0281,2025-10-28,Accessories,16.55
C0281,2026-08-17,Accessories,11.9
C0281,2026-02-05,Coffee,7.45
C0281,2026-03-17,Snacks,16.02
C0281,2025-09-10,Tea,12.86
C0281,2026-02-04,Bakery,7.28
C0281,2026-08-22,Snacks,13.64
C0281,2026-01-08,Coffee,11.32
C0281,2025-09-10,Coffee,8.41
C0282,2026-08-07,Coffee,9.89
C0282,2026-05-19,Tea,9.25
C0282,2026-06-08,Snacks,17.65
C0282,2026-06-20,Coffee,7.71
C0282,2026-01-10,Bakery,12.06
C0282,2025-11-30,Bakery,7.07
C0282,2026-04-14,Accessories,8.15
C0283,2026-08-09,Bakery,25.59
C0283,2026-06-28,Bakery,34.08
C0284,2025-09-10,Accessories,28.08
C0284,2026-07-18,Coffee,13.14
C0285,2025-11-29,Tea,34.78
C0285,2026-06-09,Bakery,17.6
C0285,2025-11-28,Bakery,22.95
C0285,2026-05-26,Bakery,35.45
C0285,2026-03-30,Coffee,42.42
C0286,2026-03-08,Accessories,29.7
C0286,2026-08-24,Snacks,15.16
C0286,2025-11-13,Tea,36.18
C0286,2025-10-31,Coffee,29.36
C0286,2025-09-01,Coffee,28.45
C0286,2025-11-03,Bakery,17.67
C0287,2026-01-17,Tea,14.14
C0287,2025-11-23,Coffee,21.34
C0287,2026-08-17,Accessories,18.03
C0287,2026-06-22,Snacks,10.92
C0287,2026-06-28,Tea,9.08
C0287,2026-03-21,Accessories,22.94
C0287,2025-12-12,Accessories,11.14
C0288,2026-01-07,Bakery,14.03
C0288,2026-05-21,Coffee,24.45
C0288,2025-12-02,Bakery,31.17
C0289,2025-11-07,Bakery,19.01
C0289,2025-11-20,Coffee,16.92
C0289,2026-03-29,Bakery,20.27
C0289,2026-02-20,Coffee,22.81
C0289,2026-08-12,Tea,26.81
C0289,2026-08-06,Tea,17.68
C0289,2026-06-04,Bakery,27.9
C0289,2025-09-22,Tea,18.02
C0290,2026-03-11,Coffee,4.81
C0290,2025-10-04,Coffee,12.12
C0290,2026-02-12,Coffee,10.75
C0290,2026-02-19,Bakery,14.83
C0290,2026-06-18,Tea,9.25
C0290,2026-06-09,Snacks,11.25
C0290,2025-09-27,Coffee,6.17
C0290,2025-09-13,Accessories,5.62
C0290,2025-12-10,Coffee,8
C0290,2026-01-02,Snacks,11.99
C0291,2025-09-17,Tea,8.97
C0291,2026-07-10,Coffee,4.78
C0291,2025-09-18,Accessories,7.98
C0291,2026-03-20,Bakery,9.58
C0291,2025-10-03,Bakery,4.77
C0291,2026-05-23,Tea,6.02
C0291,2025-11-29,Snacks,7.01
C0292,2026-08-24,Accessories,9
C0292,2026-05-26,Tea,11.22
C0292,2026-03-24,Bakery,23.64
C0292,2025-12-13,Accessories,9.94
C0292,2025-10-18,Tea,7.49
C0292,2026-02-16,Tea,22.61
C0292,2026-07-30,Bakery,14.32
C0293,2026-06-01,Snacks,19.68
C0293,2026-07-27,Tea,25.18
C0293,2026-07-30,Tea,20.83
C0293,2025-10-27,Coffee,10.98
C0293,2026-03-26,Tea,19.61
C0293,2026-07-10,Accessories,13.04
C0293,2025-11-24,Snacks,18.06
C0293,2025-12-12,Tea,22.27
C0293,2026-05-17,Coffee,18.81
C0293,2026-02-23,Coffee,15.43
C0293,2025-12-27,Coffee,20.01
C0293,2026-06-13,Snacks,22.5
C0293,2025-10-30,Coffee,6.16
C0293,2025-12-06,Accessories,17.9
C0293,2026-06-03,Accessories,21.81
C0294,2026-02-06,Coffee,7.09
C0294,2026-03-30,Bakery,20.57
C0294,2026-08-03,Tea,11.03
C0294,2025-10-04,Coffee,15.92
C0294,2026-08-19,Coffee,10.18
C0294,2026-05-15,Bakery,23.22
C0294,2026-07-28,Coffee,16.82
C0294,2026-06-25,Tea,9.07
C0294,2026-01-03,Coffee,10.64
C0294,2026-06-04,Tea,25.86
C0294,2026-01-26,Bakery,22.58
C0295,2026-03-04,Accessories,32.75
C0295,2026-08-17,Coffee,49.06
C0295,2025-10-04,Tea,56.08
C0295,2025-12-04,Coffee,37.88
C0295,2025-12-01,Bakery,18.86
C0295,2025-12-01,Snacks,54.64
C0295,2026-07-04,Bakery,41.56
C0295,2025-10-24,Accessories,27.43
C0296,2025-11-03,Bakery,18.01
C0296,2026-07-29,Coffee,14.14
C0296,2025-11-17,Coffee,19.23
C0296,2026-08-21,Coffee,13.36
C0296,2026-01-30,Snacks,21.23
C0296,2026-02-27,Snacks,25.56
C0296,2025-10-07,Bakery,21.32
C0296,2026-08-22,Accessories,15.74
C0296,2026-02-08,Coffee,8.62
C0297,2026-06-11,Coffee,22.44
C0297,2025-12-25,Snacks,25.73
C0297,2026-01-29,Coffee,17.17
C0297,2026-02-02,Bakery,28.1
C0297,2026-03-25,Bakery,26.71
C0297,2026-05-28,Coffee,15.83
C0297,2026-04-18,Coffee,31.44
C0297,2026-04-11,Coffee,22.46
C0297,2026-03-26,Coffee,19.08
C0298,2026-04-09,Bakery,29.47
C0298,2025-10-01,Tea,22.33
C0298,2026-05-05,Snacks,43.71
C0298,2026-05-21,Tea,33.98
C0299,2026-03-03,Coffee,27.11
C0299,2026-08-19,Accessories,29.63
C0299,2026-01-08,Coffee,9.59
C0299,2026-08-28,Accessories,11.61
C0300,2026-08-04,Snacks,8.63
C0300,2026-04-26,Accessories,11.55
C0300,2026-04-15,Coffee,5.35
C0300,2026-07-11,Coffee,13.06
C0300,2026-03-05,Snacks,16.98
C0300,2025-11-29,Coffee,9.58
C0300,2025-09-22,Tea,18.97
C0300,2026-08-20,Accessories,15.44
C0300,2025-10-29,Bakery,8.52
C0300,2025-12-08,Bakery,12.62
C0300,2026-08-17,Coffee,8.17
C0300,2026-08-04,Coffee,12.76
C0300,2026-08-08,Coffee,5.81
C0300,2026-04-10,Bakery,9.35
C0300,2026-07-06,Bakery,17.55
C0300,2026-03-24,Coffee,13.35
C0301,2026-07-21,Coffee,19.79
C0301,2026-01-16,Bakery,18.46
C0301,2026-03-10,Accessories,37.54
C0301,2026-02-27,Tea,19.93
C0301,2025-11-14,Accessories,45.9
C0302,2025-09-14,Accessories,19.54
C0302,2026-03-19,Snacks,30.71
C0302,2026-06-21,Tea,25.17
C0302,2026-05-19,Coffee,17.05
C0302,2026-07-21,Accessories,20.69
C0302,2026-01-26,Coffee,10.31
C0302,2026-05-01,Bakery,16.97
C0303,2026-07-18,Snacks,13.87
C0303,2026-04-02,Coffee,10.12
C0303,2025-09-17,Bakery,6.23
C0303,2025-09-09,Tea,5.29
C0303,2026-03-14,Coffee,15.63
C0304,2025-12-20,Coffee,22.79
C0304,2026-07-26,Tea,20.45
C0304,2026-03-17,Coffee,17.78
C0304,2026-01-31,Accessories,33.6
C0304,2025-10-15,Accessories,17.81
C0304,2025-11-14,Coffee,33.33
C0304,2026-08-07,Accessories,32.92
C0304,2026-03-19,Coffee,28.19
C0304,2026-05-06,Coffee,26.4
C0304,2026-06-12,Bakery,34.36
C0304,2026-02-22,Snacks,30.86
C0304,2026-02-10,Tea,24.81
C0305,2026-05-12,Coffee,10.56
C0305,2025-12-13,Tea,39.01
C0305,2026-01-23,Snacks,28.3
C0305,2026-07-06,Tea,27.15
C0305,2025-09-25,Bakery,12.37
C0306,2026-02-28,Bakery,14.12
C0306,2026-04-09,Snacks,14.99
C0306,2025-09-07,Tea,15.42
C0306,2026-05-07,Accessories,10.32
C0307,2026-05-02,Bakery,36.48
C0307,2025-11-20,Coffee,19.09
C0307,2026-06-10,Tea,36.38
C0307,2026-05-22,Accessories,49.93
C0307,2026-03-31,Coffee,32.22
C0307,2026-05-25,Tea,24.73
C0307,2026-04-14,Tea,25.24
C0307,2026-03-15,Snacks,22.05
C0308,2026-04-10,Coffee,29.14
C0308,2025-10-13,Coffee,27.44
C0308,2025-12-14,Snacks,19.49
C0308,2025-12-28,Snacks,37.67
C0308,2026-07-16,Accessories,31.89
C0308,2025-10-20,Bakery,15.34
C0309,2026-04-18,Coffee,27.87
C0309,2026-06-03,Coffee,29.93
C0309,2025-12-31,Coffee,17.89
C0309,2026-02-08,Bakery,32.26
C0309,2026-06-05,Accessories,31.17
C0309,2026-02-08,Tea,11.81
C0309,2025-12-02,Bakery,25.01
C0309,2026-07-12,Snacks,34.52
C0309,2025-12-16,Tea,37.04
C0309,2025-10-15,Accessories,19.91
C0309,2025-11-10,Bakery,22.99
C0310,2026-03-07,Snacks,40.72
C0310,2026-07-03,Snacks,51.35
C0310,2025-10-15,Coffee,35.26
C0310,2026-08-22,Coffee,39.01
C0310,2026-05-05,Coffee,14.13
C0310,2026-08-29,Snacks,28.12
C0310,2025-10-09,Accessories,58.65
C0310,2026-04-24,Snacks,48.3
C0311,2026-04-25,Coffee,3.95
C0311,2026-03-22,Coffee,8.13
C0311,2025-10-19,Accessories,4.88
C0311,2026-01-14,Accessories,3.88
C0311,2026-08-05,Tea,4.33
C0311,2026-05-01,Coffee,5.67
C0311,2026-07-01,Snacks,7.89
C0311,2026-01-17,Coffee,7.76
C0312,2026-08-01,Tea,14.75
C0312,2026-05-03,Accessories,21.64
C0312,2026-07-20,Snacks,32.68
C0312,2026-05-18,Accessories,31.57
C0312,2025-11-26,Accessories,26.48
C0313,2025-12-25,Tea,22.97
C0313,2026-02-22,Bakery,19.17
C0313,2026-06-07,Coffee,25.46
C0313,2026-02-24,Coffee,16.75
C0313,2026-03-09,Coffee,10.82
C0313,2025-11-26,Snacks,24.94
C0314,2025-11-03,Accessories,8.57
C0314,2026-06-20,Bakery,9.4
C0314,2026-02-28,Bakery,4.78
C0314,2025-11-02,Snacks,3.22
C0314,2026-06-11,Snacks,7.1
C0314,2025-10-30,Coffee,5.55
C0314,2026-02-26,Coffee,3.63
C0314,2026-07-08,Accessories,5.57
C0314,2025-12-17,Snacks,7.97
C0314,2025-11-19,Accessories,2.97
C0315,2026-07-02,Tea,13.59
C0315,2026-06-15,Coffee,7.8
C0315,2025-10-22,Bakery,10.16
C0315,2026-08-30,Snacks,7.55
C0315,2026-08-10,Accessories,8.19
C0315,2025-12-23,Snacks,16.35
C0315,2025-11-29,Tea,15.76
C0315,2026-07-29,Snacks,12.52
C0316,2025-10-30,Tea,10.59
C0316,2026-06-06,Bakery,16.98
C0316,2025-09-30,Accessories,11.5
C0316,2026-01-29,Coffee,5.81
C0316,2026-07-26,Coffee,5.19
C0316,2026-01-05,Coffee,15.85
C0316,2026-05-22,Tea,14.1
C0316,2025-11-22,Coffee,12.48
C0316,2025-09-03,Coffee,9.52
C0316,2026-08-21,Accessories,12.89
C0316,2025-10-28,Snacks,17.15
C0316,2025-10-18,Tea,14.41
C0316,2025-12-16,Tea,11.05
C0317,2025-12-13,Snacks,3.69
C0317,2026-07-21,Snacks,5.54
C0317,2026-04-16,Coffee,6.11
C0317,2026-02-27,Accessories,10.9
C0317,2026-07-27,Coffee,4.31
C0317,2026-07-28,Coffee,5.48
C0318,2026-07-28,Coffee,9.96
C0318,2026-08-06,Coffee,8.83
C0318,2026-04-18,Coffee,7.18
C0318,2026-03-08,Coffee,11.36
C0318,2026-04-03,Accessories,6.29
C0318,2026-01-23,Tea,12.11
C0318,2026-05-16,Coffee,12.55
C0319,2026-05-29,Coffee,4.92
C0319,2026-02-14,Tea,2.65
C0319,2026-04-06,Tea,4.61
C0320,2025-09-29,Snacks,14.78
C0320,2026-03-08,Tea,11.5
C0320,2025-11-13,Snacks,14.53
C0320,2025-12-27,Snacks,25.33
C0320,2026-03-08,Snacks,20.23
C0320,2025-09-24,Coffee,11.09
C0320,2025-10-19,Accessories,16.96
C0320,2026-01-12,Snacks,22.26
C0320,2026-08-26,Tea,24.93
C0321,2026-04-17,Tea,13.73
C0321,2025-10-24,Tea,9.65
C0321,2025-11-07,Coffee,10.53
C0321,2026-03-14,Tea,12.04
C0321,2026-01-11,Bakery,10.28
C0321,2026-05-09,Tea,11.1
C0321,2026-06-17,Snacks,7.48
C0322,2026-04-16,Coffee,26.33
C0322,2025-10-10,Coffee,28.48
C0322,2025-09-11,Coffee,21.79
C0322,2025-09-08,Snacks,19.34
C0322,2025-09-12,Tea,25.26
C0322,2026-07-11,Bakery,27.57
C0322,2026-02-28,Snacks,33.59
C0322,2026-04-21,Tea,24.03
C0323,2026-08-04,Tea,23.72
C0323,2026-07-15,Accessories,6.95
C0323,2025-10-31,Tea,15.97
C0323,2026-04-20,Coffee,16.36
C0323,2026-07-27,Accessories,23.41
C0323,2025-11-12,Coffee,10.53
C0323,2026-05-05,Coffee,17.69
C0323,2026-04-04,Accessories,24.83
C0323,2026-04-07,Snacks,9.88
C0323,2025-09-26,Bakery,17.58
C0324,2025-12-21,Coffee,10.88
C0324,2026-06-24,Snacks,15.32
C0324,2025-10-02,Coffee,15.34
C0324,2025-10-19,Snacks,15.63
C0324,2026-04-21,Coffee,4.9
C0324,2026-04-21,Coffee,7.05
C0324,2025-10-23,Tea,12.79
C0325,2025-11-28,Snacks,4.36
C0325,2025-09-10,Coffee,7.36
C0325,2026-04-09,Coffee,3.75
C0325,2025-09-12,Coffee,5
C0325,2026-03-05,Bakery,3.97
C0325,2026-08-13,Bakery,10.33
C0325,2026-05-21,Bakery,3.39
C0326,2026-07-08,Bakery,20.87
C0326,2025-12-31,Coffee,16.39
C0326,2025-12-14,Bakery,23.35
C0326,2026-06-12,Accessories,11.46
C0326,2026-05-26,Tea,23.84
C0326,2026-07-20,Snacks,22.66
C0327,2025-09-03,Tea,32.33
C0327,2025-12-17,Coffee,14.51
C0327,2026-05-03,Bakery,37.79
C0327,2026-05-18,Accessories,28.08
C0327,2026-05-17,Coffee,18.04
C0327,2025-09-20,Bakery,37.53
C0327,2026-03-17,Coffee,25.8
C0327,2026-02-10,Tea,13.68
C0328,2026-06-30,Snacks,1.71
C0328,2026-06-22,Bakery,2.91
C0328,2025-09-06,Snacks,5.9
C0328,2026-05-17,Coffee,2.21
C0328,2025-12-16,Accessories,5.12
C0328,2025-10-17,Snacks,5.74
C0328,2026-04-27,Tea,2.77
C0328,2026-05-02,Tea,3.21
C0329,2025-10-07,Coffee,11.15
C0329,2026-07-10,Accessories,7.76
C0329,2026-08-19,Accessories,11.64
C0329,2026-07-06,Snacks,14.5
C0329,2026-07-02,Bakery,5.79
C0329,2026-01-31,Snacks,13.4
C0330,2026-06-03,Accessories,10.81
C0330,2026-05-04,Tea,12.98
C0330,2025-12-19,Coffee,21.94
C0330,2026-06-19,Bakery,16.99
C0330,2026-07-24,Tea,17.13
C0330,2025-09-03,Snacks,6.84
C0330,2025-11-18,Snacks,20.52
C0331,2025-12-13,Accessories,17.47
C0331,2026-07-19,Snacks,7.84
C0331,2025-11-02,Snacks,16.88
C0331,2026-01-15,Accessories,12.71
C0331,2026-04-25,Bakery,6.51
C0331,2025-11-18,Tea,20.8
C0332,2026-04-12,Snacks,17.11
C0332,2026-06-26,Tea,38.82
C0332,2025-11-14,Accessories,45.19
C0332,2026-08-27,Bakery,59.06
C0332,2025-11-26,Bakery,23.67
C0332,2026-08-23,Bakery,60.36
C0333,2025-10-13,Bakery,16.12
C0333,2026-06-09,Tea,11.39
C0333,2026-01-04,Accessories,13.28
C0333,2026-06-19,Accessories,21.01
C0333,2026-03-08,Snacks,10.57
C0333,2026-04-27,Snacks,8.75
C0333,2026-01-29,Coffee,5.59
C0333,2026-03-21,Tea,19.69
C0334,2026-05-02,Coffee,5.46
C0334,2026-01-01,Snacks,6.47
C0334,2025-11-16,Accessories,3.4
C0334,2026-01-27,Tea,4.7
C0334,2026-03-03,Coffee,5.77
C0334,2026-02-03,Tea,4.14
C0334,2026-06-03,Bakery,2.87
C0334,2026-01-17,Snacks,9.08
C0334,2025-09-11,Accessories,3.11
C0335,2025-12-20,Bakery,6.42
C0336,2026-02-20,Coffee,24.13
C0336,2026-08-15,Accessories,34.13
C0336,2026-06-08,Tea,38.23
C0336,2026-05-09,Tea,19.54
C0336,2025-10-01,Accessories,33.08
C0336,2025-10-23,Snacks,15.03
C0336,2026-01-23,Bakery,43.33
C0337,2026-08-26,Snacks,43.29
C0337,2026-04-22,Snacks,91.35
C0337,2025-12-05,Coffee,57.08
C0337,2025-11-16,Accessories,94.66
C0337,2026-04-20,Coffee,79.21
C0337,2025-12-23,Coffee,44.65
C0337,2026-05-17,Coffee,50.89
C0337,2025-10-05,Bakery,45.59
C0337,2025-09-23,Coffee,85.2
C0337,2025-12-14,Tea,45.22
C0337,2026-08-28,Coffee,46.46
C0337,2026-07-30,Accessories,36.84
C0337,2026-07-24,Coffee,67.09
C0338,2026-08-27,Tea,5.9
C0338,2025-10-19,Tea,4.19
C0338,2026-08-15,Bakery,3.3
C0338,2025-11-24,Snacks,7.19
C0338,2026-05-08,Accessories,3.3
C0338,2026-01-24,Accessories,5.76
C0339,2025-10-25,Snacks,72.6
C0339,2025-10-18,Coffee,51.73
C0339,2026-06-27,Bakery,51.95
C0339,2025-10-10,Coffee,37.92
C0339,2026-07-30,Coffee,58.59
C0339,2026-02-19,Coffee,35.95
C0339,2025-11-09,Bakery,24.59
C0339,2025-12-02,Tea,37.24
C0339,2026-03-31,Coffee,19.37
C0339,2025-12-23,Coffee,27.11
C0339,2026-02-07,Bakery,20.73
C0339,2026-06-30,Accessories,70.93
C0340,2025-12-12,Snacks,20.48
C0340,2026-06-17,Bakery,19.84
C0340,2026-04-17,Coffee,15.67
C0340,2025-12-20,Bakery,10.47
C0340,2025-10-26,Snacks,22.86
C0340,2026-03-18,Tea,23.47
C0340,2026-05-09,Tea,8.73
C0340,2026-01-06,Snacks,21.24
C0340,2026-04-10,Bakery,10.95
C0340,2025-10-07,Coffee,10.38
C0341,2026-07-11,Accessories,34.68
C0341,2026-05-06,Bakery,25.17
C0341,2025-12-28,Coffee,26.55
C0341,2026-05-28,Coffee,13.41
C0342,2026-04-18,Accessories,16.59
C0342,2026-05-04,Bakery,11.82
C0342,2026-07-21,Snacks,15.01
C0343,2025-12-17,Snacks,27.3
C0343,2026-01-19,Snacks,28.26
C0343,2026-02-05,Accessories,23.71
C0343,2026-06-28,Coffee,17.7
C0343,2025-11-20,Coffee,26.94
C0343,2025-11-09,Tea,16.96
C0343,2025-12-21,Coffee,28.51
C0343,2025-10-23,Snacks,25.88
C0344,2025-10-01,Tea,18.25
C0344,2026-08-11,Snacks,26.07
C0344,2025-11-23,Snacks,13.54
C0345,2025-09-29,Bakery,6.77
C0345,2025-09-12,Tea,7.99
C0345,2026-08-25,Coffee,7.27
C0345,2026-03-06,Coffee,7.94
C0345,2026-07-30,Accessories,11.21
C0345,2026-08-14,Snacks,14.52
C0346,2026-03-29,Snacks,40.23
C0346,2025-12-02,Tea,23.93
C0346,2026-01-05,Bakery,44.91
C0346,2026-03-28,Coffee,29.07
C0346,2025-09-30,Coffee,33.49
C0346,2026-02-04,Tea,21.2
C0346,2026-05-28,Coffee,18.53
C0346,2026-01-09,Coffee,28.06
C0346,2026-02-25,Coffee,23.52
C0346,2025-09-13,Accessories,31.99
C0346,2026-07-03,Coffee,24.71
C0346,2026-07-06,Snacks,43.79
C0347,2026-01-15,Snacks,27.23
C0347,2025-11-19,Tea,40.61
C0347,2026-04-28,Coffee,16.34
C0347,2026-01-14,Accessories,26.09
C0347,2026-08-22,Accessories,40.65
C0347,2025-10-14,Coffee,14.23
C0347,2026-03-28,Accessories,18.4
C0347,2026-04-20,Accessories,24.75
C0348,2026-01-10,Bakery,9.98
C0348,2025-09-09,Snacks,29.41
C0348,2026-02-02,Bakery,18
C0348,2026-05-04,Snacks,21.95
C0348,2025-12-11,Coffee,21.78
C0348,2026-06-18,Accessories,19.19
C0349,2025-10-09,Coffee,12.69
C0349,2025-12-29,Bakery,13.67
C0349,2025-09-16,Coffee,5.7
C0349,2026-02-05,Snacks,6.55
C0349,2026-08-07,Snacks,8.16
C0349,2026-07-15,Tea,10.02
C0349,2026-08-07,Tea,9.28
C0349,2026-07-06,Bakery,4.86
C0349,2026-04-06,Snacks,10.24
C0349,2025-12-15,Coffee,6.37
C0349,2025-11-07,Bakery,16.91
C0349,2026-05-08,Snacks,16.97
C0349,2026-03-17,Coffee,13.68
C0350,2026-07-23,Coffee,2
C0350,2026-01-22,Accessories,2.16
C0350,2026-01-09,Coffee,2.99
C0350,2025-12-17,Accessories,3.1
C0350,2026-07-26,Coffee,2.19
C0350,2026-04-29,Coffee,2.12
C0350,2026-04-26,Bakery,1.95
C0350,2026-04-04,Bakery,4.24
C0351,2026-06-11,Tea,25.98
C0351,2025-12-11,Snacks,25.23
C0351,2026-03-25,Coffee,18.09
C0351,2025-12-06,Bakery,11.38
C0351,2026-01-05,Bakery,27.87
C0351,2026-07-09,Coffee,23.56
C0351,2025-10-22,Coffee,23.37
C0351,2026-08-30,Snacks,14.63
C0352,2026-07-12,Bakery,21.21
C0352,2026-06-27,Bakery,6.43
C0352,2026-05-25,Snacks,6.6
C0352,2026-04-21,Bakery,7.37
C0352,2026-04-24,Coffee,17.48
C0352,2026-01-23,Accessories,16.36
C0352,2026-01-12,Tea,10.77
C0352,2026-04-29,Snacks,13.42
C0352,2026-03-09,Tea,17.77
C0352,2026-06-29,Accessories,19.75
C0352,2026-03-14,Snacks,11.06
C0352,2026-06-17,Bakery,17.3
C0352,2026-01-19,Accessories,21.99
C0352,2025-11-03,Coffee,11.47
C0353,2026-07-18,Accessories,38.77
C0353,2026-04-18,Coffee,25.21
C0353,2026-06-04,Coffee,11.33
C0353,2026-03-27,Snacks,15.17
C0353,2026-03-01,Coffee,25.73
C0353,2026-01-10,Bakery,42.9
C0353,2026-06-16,Accessories,31.18
C0353,2026-05-23,Tea,28.23
C0353,2026-06-17,Bakery,31.13
C0353,2026-04-12,Accessories,36.58
C0353,2026-02-12,Snacks,40.89
C0353,2025-10-01,Bakery,39.89
C0354,2025-12-23,Snacks,30.24
C0354,2025-10-29,Bakery,24.93
C0354,2026-01-27,Bakery,32.17
C0355,2025-11-16,Tea,33.65
C0355,2026-08-05,Accessories,9.94
C0355,2026-02-23,Coffee,11.56
C0355,2026-04-09,Snacks,17.63
C0355,2026-01-27,Snacks,22.47
C0355,2026-06-28,Tea,30.73
C0355,2026-04-27,Snacks,13.41
C0355,2026-01-07,Accessories,21.79
C0355,2025-09-15,Coffee,10.28
C0356,2026-07-26,Snacks,9.81
C0356,2025-09-22,Coffee,6.8
C0356,2025-09-13,Coffee,18.73
C0356,2026-07-15,Coffee,13.74
C0356,2025-09-13,Tea,18.71
C0356,2025-09-14,Bakery,10.81
C0356,2026-01-13,Accessories,15.57
C0356,2025-09-21,Coffee,20.75
C0356,2025-11-28,Bakery,20.82
C0356,2026-07-14,Bakery,24.8
C0357,2026-06-08,Coffee,16.25
C0357,2025-12-07,Tea,20.41
C0357,2026-03-19,Coffee,11.4
C0357,2026-06-11,Snacks,9.72
C0357,2026-08-09,Snacks,12.25
C0357,2026-02-21,Coffee,13.47
C0357,2026-05-21,Coffee,21.48
C0358,2026-06-10,Bakery,4.96
C0358,2025-09-01,Tea,4.5
C0358,2025-09-17,Tea,14.23
C0358,2026-02-05,Snacks,10.8
C0358,2025-10-10,Tea,13.62
C0358,2026-06-09,Coffee,7.04
C0358,2026-06-24,Snacks,11.2
C0359,2026-03-20,Coffee,43.94
C0359,2026-06-01,Tea,39.65
C0359,2026-07-03,Tea,36.41
C0359,2025-10-28,Tea,53.67
C0359,2026-02-01,Tea,24.02
C0359,2026-02-11,Coffee,50.86
C0359,2026-06-07,Coffee,31.97
C0359,2026-02-15,Bakery,29.36
C0359,2026-07-18,Coffee,34.78
C0359,2026-02-21,Bakery,39.65
C0360,2025-12-23,Tea,9.58
C0360,2026-03-08,Bakery,18.11
C0360,2025-12-24,Coffee,4.97
C0361,2026-06-21,Tea,15.43
C0361,2026-06-30,Coffee,18.02
C0361,2025-11-16,Accessories,26.78
C0361,2026-03-25,Accessories,24.57
C0361,2025-12-31,Bakery,27.85
C0361,2026-06-23,Snacks,14.12
C0361,2026-07-28,Bakery,34.49
C0361,2026-04-17,Accessories,36.48
C0361,2026-07-16,Coffee,25.98
C0361,2025-12-03,Accessories,25.87
C0361,2026-07-15,Snacks,14.88
C0361,2026-07-27,Bakery,14.58
C0361,2026-05-14,Bakery,33.6
C0362,2026-03-01,Coffee,28.83
C0362,2026-07-16,Tea,32.61
C0362,2026-03-23,Accessories,59.21
C0362,2025-12-09,Bakery,35
C0362,2026-01-19,Snacks,54.79
C0362,2026-06-01,Bakery,54.13
C0362,2026-03-24,Accessories,53.79
C0362,2026-03-27,Coffee,38.12
C0363,2026-07-13,Coffee,10.11
C0363,2026-01-30,Tea,34.7
C0363,2025-10-15,Snacks,19.81
C0363,2025-11-12,Tea,28.15
C0363,2026-07-12,Coffee,30.34
C0364,2025-11-26,Coffee,6.62
C0364,2026-04-23,Snacks,11.53
C0364,2025-09-18,Coffee,12.47
C0364,2026-07-22,Snacks,8.4
C0365,2026-02-05,Tea,12.45
C0365,2026-01-24,Snacks,23.37
C0365,2025-10-13,Accessories,14.97
C0365,2026-05-06,Snacks,14.79
C0365,2026-01-23,Bakery,19.56
C0366,2025-12-03,Tea,37.69
C0366,2026-03-11,Bakery,14.26
C0366,2025-12-27,Snacks,23.27
C0366,2026-01-26,Coffee,11.33
C0366,2025-10-23,Snacks,28.58
C0366,2026-04-30,Tea,18.08
C0367,2025-12-02,Coffee,14.21
C0367,2026-01-01,Bakery,25.99
C0367,2025-12-13,Coffee,8.8
C0367,2025-10-07,Coffee,15.94
C0367,2026-05-07,Coffee,7.03
C0368,2025-10-22,Coffee,15.26
C0368,2026-08-24,Bakery,21.68
C0368,2026-05-06,Coffee,15.82
C0368,2026-05-21,Tea,21.54
C0368,2026-07-24,Coffee,20.82
C0368,2026-02-17,Coffee,15.16
C0368,2026-07-07,Coffee,16.19
C0368,2026-05-06,Bakery,9.63
C0368,2026-02-06,Tea,18.21
C0368,2026-07-06,Coffee,7.02
C0369,2026-04-10,Accessories,25.68
C0369,2026-01-10,Bakery,28.28
C0369,2026-07-12,Tea,36.38
C0369,2026-08-19,Bakery,13.75
C0369,2026-08-19,Tea,33.86
C0369,2025-12-12,Bakery,23.68
C0370,2025-10-30,Snacks,31.58
C0370,2026-03-05,Coffee,14.08
C0370,2025-12-26,Coffee,15.88
C0370,2026-03-17,Accessories,16.21
C0371,2026-08-26,Tea,18.18
C0371,2025-12-19,Bakery,37.05
C0371,2026-01-02,Tea,28.29
C0371,2025-09-21,Coffee,13.16
C0371,2026-02-19,Tea,22.49
C0372,2026-03-22,Snacks,1.5
C0372,2026-07-15,Bakery,1.5
C0372,2026-06-15,Bakery,2.4
C0372,2026-06-14,Tea,1.5
C0372,2026-04-13,Accessories,1.5
C0372,2026-04-04,Snacks,1.89
C0372,2026-05-18,Tea,1.5
C0372,2026-08-23,Tea,1.95
C0372,2026-06-21,Bakery,1.5
C0372,2026-04-02,Accessories,1.9
C0373,2025-10-13,Tea,15.9
C0373,2026-06-20,Bakery,17.6
C0373,2025-12-26,Accessories,11.43
C0374,2025-11-13,Tea,20.08
C0374,2026-06-20,Snacks,9.84
C0374,2026-03-19,Accessories,11.62
C0374,2026-05-10,Tea,17.71
C0374,2026-02-10,Snacks,27.11
C0374,2025-12-07,Coffee,7.52
C0374,2025-11-24,Accessories,20.27
C0374,2026-08-09,Bakery,24.47
C0374,2026-05-12,Snacks,28.76
C0374,2026-08-24,Snacks,10.09
C0374,2025-09-07,Snacks,29.44
C0374,2026-08-13,Coffee,17.17
C0375,2026-05-06,Accessories,17.86
C0375,2026-01-28,Snacks,12.78
C0375,2026-05-19,Snacks,16.36
C0375,2026-04-10,Coffee,9.06
C0376,2025-10-09,Tea,10.94
C0376,2025-10-29,Coffee,19.05
C0376,2026-06-27,Coffee,9.93
C0376,2026-06-12,Bakery,23.83
C0376,2025-09-04,Coffee,18.62
C0376,2026-01-22,Snacks,18.66
C0376,2026-01-09,Coffee,7.15
C0376,2025-09-30,Accessories,23.1
C0376,2026-03-07,Snacks,24.04
C0377,2025-09-30,Tea,14.54
C0377,2026-08-12,Snacks,12.6
C0377,2026-06-24,Accessories,10.25
C0377,2026-03-16,Snacks,7.84
C0378,2025-11-30,Accessories,8.4
C0378,2026-06-01,Coffee,7.3
C0378,2025-10-04,Accessories,7.31
C0378,2025-12-15,Coffee,5.55
C0378,2026-06-18,Coffee,2.87
C0378,2026-08-31,Coffee,8.06
C0378,2026-05-14,Accessories,9.73
C0378,2025-10-17,Tea,7.21
C0378,2026-04-07,Coffee,5.46
C0378,2026-04-09,Coffee,6.18
C0378,2026-05-21,Coffee,6.1
C0378,2026-03-06,Coffee,2.63
C0378,2026-02-17,Coffee,8.52
C0378,2026-03-09,Coffee,5.47
C0378,2025-11-12,Coffee,6.63
C0379,2025-11-18,Accessories,7.64
C0379,2026-07-03,Bakery,24.96
C0379,2025-09-07,Snacks,7.75
C0379,2026-06-26,Snacks,16.64
C0379,2026-02-13,Snacks,20.52
C0379,2025-10-08,Coffee,14.33
C0379,2026-01-23,Snacks,25.55
C0379,2026-02-10,Coffee,17.17
C0379,2026-01-13,Bakery,22.7
C0380,2026-04-19,Tea,10.14
C0380,2026-08-19,Bakery,32.25
C0380,2026-06-27,Coffee,8.81
C0380,2025-09-16,Tea,13.98
C0381,2026-03-21,Snacks,16.43
C0381,2026-06-20,Bakery,6.73
C0382,2026-03-06,Accessories,21.3
C0382,2026-02-03,Bakery,12.88
C0382,2026-01-03,Bakery,17.62
C0382,2026-02-22,Tea,16.84
C0382,2025-12-26,Tea,9.67
C0382,2026-08-28,Bakery,14.13
C0382,2026-05-25,Tea,7.78
C0383,2026-04-15,Bakery,16.54
C0383,2025-11-01,Bakery,23.37
C0383,2025-09-03,Snacks,17.05
C0383,2025-12-04,Bakery,14.15
C0383,2025-10-29,Coffee,6.42
C0383,2025-09-05,Accessories,16.56
C0383,2026-02-03,Bakery,14.42
C0383,2025-10-25,Snacks,22.86
C0383,2026-03-14,Snacks,7.27
C0383,2026-04-02,Accessories,8.94
C0383,2026-03-08,Coffee,15.88
C0383,2026-06-07,Bakery,9.91
C0383,2026-01-27,Coffee,9.84
C0383,2026-06-10,Bakery,20.48
C0383,2026-02-09,Coffee,14.92
C0383,2025-11-17,Snacks,10.27
C0384,2025-10-27,Coffee,11.38
C0384,2026-05-27,Tea,8.42
C0384,2025-09-08,Bakery,14.12
C0384,2026-07-17,Coffee,11.91
C0384,2026-05-20,Snacks,13.37
C0384,2026-02-14,Snacks,4.67
C0384,2026-08-07,Coffee,7.49
C0384,2026-03-26,Snacks,15.9
C0384,2026-07-09,Accessories,12.99
C0384,2025-09-15,Coffee,4.22
C0384,2025-09-05,Tea,12.02
C0385,2025-09-02,Tea,24.39
C0385,2026-03-07,Accessories,28.19
C0385,2026-06-16,Tea,14.81
C0385,2026-07-13,Snacks,32.68
C0385,2025-10-12,Coffee,8.74
C0385,2025-10-31,Tea,21.3
C0385,2026-03-05,Tea,32.59
C0386,2026-04-15,Accessories,25.26
C0386,2026-07-16,Accessories,23.6
C0386,2026-08-19,Snacks,16.45
C0386,2025-10-22,Coffee,15.95
C0386,2026-01-04,Snacks,16.43
C0386,2025-09-16,Coffee,17.85
C0386,2026-07-27,Bakery,21.01
C0386,2026-08-10,Snacks,25.36
C0386,2026-08-31,Tea,12.74
C0387,2025-10-23,Coffee,37.97
C0387,2025-11-06,Coffee,56.65
C0387,2026-03-13,Coffee,52.32
C0387,2025-09-21,Snacks,75.35
C0387,2025-11-03,Accessories,45.8
C0387,2025-12-14,Coffee,55.85
C0388,2025-12-14,Coffee,7.71
C0388,2026-05-17,Snacks,6.29
C0388,2025-12-26,Tea,19.94
C0388,2025-11-01,Tea,13.27
C0388,2026-06-08,Coffee,18.81
C0388,2025-12-07,Coffee,8.31
C0388,2025-10-01,Coffee,11.2
C0389,2026-05-08,Coffee,2.02
C0389,2026-05-10,Accessories,3.91
C0389,2025-11-09,Bakery,1.5
C0389,2025-11-18,Tea,1.5
C0389,2026-07-09,Snacks,3.71
C0389,2026-02-26,Coffee,2.34
C0390,2026-05-11,Bakery,31.1
C0390,2026-06-10,Accessories,40.03
C0390,2026-07-21,Coffee,15.91
C0390,2026-03-13,Snacks,33.49
C0390,2026-06-11,Bakery,32
C0390,2026-08-13,Coffee,14.17
C0390,2025-12-24,Accessories,38.08
C0390,2025-12-23,Bakery,29.23
C0391,2025-09-04,Snacks,12.54
C0391,2026-06-18,Coffee,9.77
C0391,2026-01-02,Snacks,15.78
C0391,2025-11-13,Bakery,19.44
C0391,2026-07-25,Accessories,18.38
C0392,2026-06-11,Tea,31.33
C0392,2026-02-09,Bakery,22.85
C0392,2026-04-30,Accessories,31.63
C0392,2025-12-24,Coffee,16.86
C0393,2026-01-02,Coffee,13.44
C0393,2026-07-06,Coffee,12.4
C0393,2025-09-12,Tea,7.62
C0393,2025-09-06,Accessories,12.64
C0393,2026-02-20,Accessories,21.78
C0393,2025-11-18,Coffee,11.28
C0393,2025-12-18,Tea,16.94
C0393,2026-01-11,Accessories,6.73
C0393,2025-10-21,Snacks,15.99
C0393,2025-11-28,Bakery,7.99
C0393,2025-11-26,Bakery,17.86
C0393,2025-11-21,Coffee,13.16
C0393,2026-03-06,Snacks,14.92
C0393,2026-05-11,Bakery,16.66
C0394,2025-12-18,Snacks,10.95
C0394,2026-08-04,Coffee,7.14
C0394,2026-03-12,Coffee,5.81
C0394,2025-12-15,Coffee,13.36
C0394,2025-12-19,Bakery,15.49
C0395,2025-12-12,Coffee,7.71
C0395,2026-05-14,Bakery,12.16
C0395,2026-03-31,Bakery,8.4
C0396,2026-04-06,Coffee,29.69
C0396,2026-04-04,Coffee,25.04
C0396,2025-10-13,Snacks,19.79
C0396,2026-02-09,Coffee,29.54
C0396,2026-01-06,Coffee,39.66
C0396,2026-05-17,Tea,19.43
C0396,2026-04-12,Coffee,37.71
C0396,2025-10-19,Accessories,20.46
C0396,2026-07-31,Coffee,34.35
C0396,2026-08-13,Tea,35.73
C0396,2026-06-02,Snacks,42.26
C0397,2026-03-30,Accessories,21.54
C0397,2026-02-09,Coffee,22.66
C0397,2026-03-27,Accessories,15.1
C0397,2026-08-22,Coffee,6.59
C0398,2026-06-03,Bakery,18.24
C0398,2026-01-24,Coffee,16.57
C0398,2026-08-20,Tea,23.98
C0398,2026-05-18,Bakery,21.93
C0398,2026-05-20,Coffee,6.54
C0398,2026-07-16,Coffee,7.03
C0398,2025-10-11,Accessories,9.39
C0398,2026-03-24,Coffee,17.55
C0398,2026-02-24,Coffee,10.49
C0398,2026-08-17,Coffee,15.07
C0398,2026-07-16,Coffee,23.15
C0398,2026-04-21,Snacks,22.32
C0398,2026-05-30,Accessories,10.63
C0398,2025-09-17,Coffee,22.62
C0398,2025-09-02,Coffee,10.87
C0398,2025-11-04,Coffee,20.96
C0398,2026-04-15,Accessories,9.77
C0398,2025-09-24,Coffee,20.72
C0399,2026-01-10,Snacks,36.28
C0399,2026-01-26,Coffee,22.83
C0400,2026-04-28,Coffee,14.7
C0400,2025-09-11,Coffee,23.36
C0400,2025-12-04,Coffee,8.69
C0400,2026-08-16,Coffee,26.38
C0400,2026-07-25,Tea,22.43
C0400,2026-05-24,Snacks,37.71
C0400,2026-04-14,Bakery,30.36
C0400,2026-01-05,Tea,21.06
C0400,2025-10-12,Bakery,38.06
C0400,2026-07-10,Bakery,15.53
C0400,2026-01-12,Bakery,33.37
C0400,2026-07-16,Snacks,37.43
C0401,2026-08-31,Accessories,34.61
C0401,2026-06-06,Coffee,16.83
C0402,2026-06-20,Coffee,47.52
C0402,2026-06-15,Bakery,59.87
C0402,2025-11-06,Snacks,58.2
C0402,2026-03-08,Tea,33.33
C0402,2026-01-23,Snacks,27.86
C0403,2026-01-19,Coffee,19.93
C0403,2026-08-14,Accessories,44.91
C0403,2026-02-19,Accessories,46.74
C0403,2026-08-26,Coffee,35.5
C0403,2026-07-09,Accessories,32.86
C0403,2026-04-01,Coffee,20.74
C0403,2026-07-23,Accessories,34.86
C0404,2025-09-26,Tea,12.31
C0404,2026-06-09,Bakery,10.34
C0404,2026-03-04,Coffee,4.24
C0404,2026-06-02,Coffee,12.17
C0404,2025-11-04,Coffee,6.01
C0404,2026-08-03,Bakery,3.75
C0404,2025-12-02,Tea,5.73
C0404,2025-12-19,Snacks,4.74
C0405,2026-06-27,Tea,6.9
C0405,2026-05-03,Coffee,17.75
C0405,2025-11-18,Coffee,5.85
C0405,2026-07-18,Coffee,7.57
C0405,2026-04-23,Accessories,5.95
C0405,2025-10-08,Coffee,13.32
C0405,2025-09-27,Coffee,13.67
C0406,2026-01-19,Accessories,7.53
C0406,2026-08-06,Bakery,13.79
C0406,2026-06-30,Bakery,9.3
C0406,2025-11-19,Snacks,15.05
C0406,2026-06-23,Accessories,9.84
C0406,2026-03-03,Snacks,7.57
C0406,2026-08-21,Snacks,11.27
C0406,2026-07-22,Tea,14.7
C0406,2026-04-24,Snacks,16.83
C0407,2025-12-13,Bakery,11.2
C0407,2026-08-17,Tea,10.94
C0407,2026-06-27,Coffee,5.58
C0407,2026-04-13,Coffee,8.42
C0407,2026-01-16,Tea,10.72
C0407,2026-08-28,Coffee,11.43
C0407,2026-05-22,Bakery,15.17
C0407,2025-10-19,Snacks,4.91
C0408,2025-12-06,Tea,10.89
C0408,2026-05-12,Bakery,23.96
C0408,2025-12-05,Coffee,10.06
C0408,2025-10-24,Coffee,9.21
C0408,2026-06-29,Coffee,19.51
C0409,2026-01-02,Accessories,14.58
C0409,2026-03-22,Accessories,18.68
C0409,2026-03-20,Accessories,14.39
C0409,2026-03-17,Snacks,8.84
C0409,2025-11-27,Accessories,18.84
C0409,2026-05-06,Coffee,12.37
C0409,2025-09-03,Accessories,12.89
C0410,2026-06-20,Tea,10.93
C0410,2025-10-12,Bakery,8.98
C0410,2026-08-17,Tea,8.9
C0410,2026-08-17,Tea,9.35
C0410,2026-07-08,Bakery,5.97
C0410,2026-08-30,Tea,6.15
C0410,2026-07-12,Coffee,7.09
C0410,2026-01-24,Coffee,7.44
C0410,2026-01-01,Accessories,10.82
C0410,2026-03-22,Snacks,9.19
C0411,2026-06-02,Bakery,6.62
C0411,2025-11-19,Coffee,5.63
C0411,2026-02-27,Coffee,8.49
C0411,2026-06-09,Snacks,6.61
C0411,2025-11-25,Coffee,6.52
C0412,2025-09-02,Tea,13.6
C0412,2026-07-22,Tea,11.28
C0412,2026-03-11,Tea,34.94
C0412,2025-12-16,Coffee,13.31
C0412,2026-04-15,Bakery,31.7
C0412,2026-07-17,Coffee,10.12
C0412,2025-10-17,Accessories,32.25
C0412,2026-01-24,Bakery,17.53
C0412,2026-07-17,Coffee,29.04
C0413,2025-10-20,Tea,5.78
C0413,2025-10-09,Bakery,3.41
C0413,2026-03-23,Snacks,8.19
C0413,2026-05-09,Bakery,9.66
C0413,2025-12-28,Bakery,3.41
C0413,2026-08-13,Tea,10.71
C0413,2026-02-16,Snacks,4.99
C0413,2025-11-26,Snacks,9.77
C0413,2025-12-11,Bakery,5.03
C0413,2026-08-01,Tea,12.35
C0414,2026-04-07,Coffee,17.37
C0414,2026-02-02,Coffee,11.12
C0414,2026-07-18,Bakery,12.36
C0414,2025-12-31,Coffee,10.95
C0414,2025-11-18,Coffee,12.69
C0414,2026-05-15,Coffee,8.13
C0415,2026-03-01,Accessories,16.83
C0415,2026-07-31,Coffee,7.56
C0415,2025-12-10,Tea,26.85
C0415,2026-05-27,Snacks,10.86
C0415,2026-06-19,Coffee,13.37
C0415,2025-10-26,Snacks,10.68
C0415,2026-07-24,Tea,25.6
C0415,2026-04-30,Snacks,18.35
C0415,2025-11-13,Coffee,24.08
C0415,2025-12-11,Snacks,9.54
C0415,2025-11-05,Coffee,25.3
C0415,2026-01-21,Tea,22.99
C0415,2026-05-05,Tea,15.38
C0416,2025-11-09,Tea,27.3
C0416,2026-03-01,Tea,28.02
C0416,2026-07-02,Tea,12.29
C0416,2026-05-17,Snacks,27.79
C0417,2026-03-25,Coffee,5.27
C0417,2026-05-31,Accessories,13.2
C0417,2026-04-15,Coffee,14.89
C0418,2025-10-28,Coffee,7.52
C0418,2026-04-07,Accessories,17.38
C0418,2026-02-28,Snacks,5.75
C0418,2025-09-30,Coffee,4.94
C0418,2026-06-08,Accessories,7.37
C0418,2026-07-13,Tea,16.31
C0418,2026-02-25,Accessories,16.3
C0418,2025-11-11,Coffee,9.47
C0418,2025-09-08,Snacks,12.88
C0419,2026-01-31,Coffee,23.98
C0419,2025-09-11,Coffee,18.87
C0419,2026-04-11,Snacks,15.3
C0419,2026-04-03,Bakery,13.56
C0419,2026-08-29,Coffee,19.54
C0419,2026-05-25,Accessories,10.86
C0419,2026-01-27,Accessories,11.1
C0419,2026-07-12,Accessories,25.38
C0419,2026-04-03,Snacks,22.15
C0419,2026-02-21,Accessories,20.12
C0420,2025-09-30,Snacks,42.16
C0420,2026-07-14,Tea,48.79
C0420,2026-02-20,Accessories,14.05
C0420,2026-05-18,Snacks,42.47
C0420,2026-02-21,Tea,36.64
C0420,2026-04-05,Tea,43.49
C0420,2025-11-20,Accessories,36.26
C0420,2026-02-09,Tea,14.67
C0421,2025-10-27,Snacks,20.99
C0421,2026-03-23,Snacks,20.63
C0421,2025-10-19,Bakery,8.47
C0421,2026-07-12,Coffee,10.47
C0421,2026-06-24,Bakery,8.01
C0421,2026-01-29,Snacks,12.37
C0422,2026-08-16,Accessories,2.12
C0422,2026-04-16,Accessories,1.5
C0422,2026-06-12,Bakery,1.75
C0422,2025-10-29,Bakery,1.5
C0422,2026-05-24,Snacks,1.5
C0422,2025-09-26,Coffee,1.75
C0423,2026-03-13,Tea,11.62
C0423,2025-12-02,Bakery,22.81
C0423,2026-02-13,Snacks,13.58
C0423,2026-04-18,Tea,16.55
C0423,2025-10-23,Bakery,24.12
C0423,2026-07-10,Snacks,11.39
C0423,2025-10-07,Accessories,21.35
C0424,2026-07-30,Tea,15.31
C0424,2025-12-05,Coffee,10.19
C0424,2026-08-21,Snacks,8.04
C0424,2026-07-04,Coffee,6.39
C0424,2026-06-12,Accessories,19.38
C0424,2025-12-31,Accessories,14.83
C0424,2026-07-14,Bakery,15.62
C0424,2026-04-09,Tea,20.28
C0424,2025-12-18,Snacks,9.34
C0424,2026-05-22,Accessories,15.87
C0424,2026-07-08,Tea,5.68
C0424,2026-03-13,Accessories,14.32
C0425,2025-11-15,Coffee,4.28
C0425,2025-12-24,Snacks,4.4
C0425,2026-01-27,Tea,3.86
C0425,2025-12-07,Coffee,4.21
C0426,2026-07-18,Bakery,14.71
C0426,2025-12-15,Tea,12.91
C0426,2026-06-25,Coffee,6.13
C0426,2026-01-20,Tea,22.5
C0426,2025-09-16,Coffee,15.41
C0426,2026-04-16,Bakery,20.92
C0426,2025-10-20,Coffee,12.49
C0426,2025-11-23,Snacks,17.44
C0426,2025-11-04,Coffee,19.87
C0427,2025-11-16,Snacks,13.44
C0427,2026-03-16,Snacks,6.5
C0427,2026-01-10,Coffee,10.58
C0427,2026-08-20,Snacks,9.93
C0427,2026-05-05,Snacks,10.03
C0427,2026-01-16,Bakery,8.37
C0427,2026-01-23,Coffee,4.87
C0427,2026-02-20,Coffee,4.86
C0427,2025-09-11,Coffee,8.92
C0427,2026-05-16,Accessories,8.3
C0427,2025-12-27,Tea,6.84
C0428,2025-10-08,Bakery,25.75
C0428,2026-06-28,Coffee,13.32
C0428,2026-08-09,Coffee,14.44
C0428,2025-12-09,Tea,26.98
C0428,2026-04-12,Accessories,13.95
C0428,2026-08-25,Snacks,28.74
C0429,2026-01-14,Bakery,10.54
C0429,2025-10-05,Coffee,12.03
C0429,2025-10-15,Coffee,10.48
C0429,2026-08-30,Snacks,18.76
C0430,2026-07-14,Coffee,3.12
C0430,2025-11-14,Accessories,4.23
C0430,2025-12-27,Accessories,2.67
C0430,2025-11-26,Snacks,3.65
C0430,2025-09-01,Tea,1.5
C0430,2026-05-14,Coffee,2.08
C0431,2026-02-24,Snacks,30.1
C0431,2025-10-26,Snacks,37.98
C0431,2025-11-16,Snacks,38.35
C0431,2025-09-23,Bakery,15.56
C0431,2026-05-10,Bakery,14.14
C0432,2026-05-30,Accessories,3.82
C0432,2026-06-29,Bakery,3.63
C0432,2025-12-06,Bakery,3.17
C0432,2026-06-15,Bakery,2.35
C0432,2026-06-06,Bakery,3.74
C0432,2026-08-11,Tea,2.41
C0433,2025-10-27,Coffee,37.79
C0433,2025-12-12,Bakery,20.7
C0433,2026-06-14,Bakery,30.75
C0433,2026-07-01,Tea,36.2
C0434,2025-12-09,Bakery,24.4
C0434,2026-08-07,Snacks,19.77
C0434,2026-04-16,Accessories,47.44
C0434,2026-01-26,Accessories,33.7
C0434,2025-11-17,Accessories,56.59
C0435,2026-03-01,Accessories,13.2
C0435,2026-04-12,Coffee,14.15
C0435,2026-07-02,Coffee,14.37
C0435,2026-02-21,Snacks,17.41
C0435,2026-03-10,Snacks,6.5
C0435,2026-02-18,Snacks,18.63
C0435,2026-01-01,Bakery,10.17
C0435,2025-10-16,Tea,18.45
C0435,2026-08-07,Coffee,7.46
C0436,2025-09-29,Bakery,15.57
C0436,2026-02-28,Snacks,15.06
C0436,2025-09-29,Accessories,20.85
C0436,2026-01-14,Snacks,21.95
C0436,2025-10-31,Snacks,18.23
C0436,2026-02-18,Bakery,24.53
C0436,2026-05-26,Accessories,12.76
C0437,2026-01-09,Coffee,7.44
C0437,2026-05-03,Bakery,7.83
C0437,2025-12-16,Coffee,6.12
C0437,2026-02-18,Tea,5.94
C0437,2025-10-28,Bakery,8.25
C0437,2025-10-26,Bakery,2.46
C0437,2025-11-14,Snacks,2.69
C0437,2026-01-24,Accessories,5.04
C0437,2026-07-06,Coffee,2.58
C0438,2026-06-18,Bakery,9.55
C0438,2026-04-10,Accessories,11.4
C0438,2026-04-08,Bakery,8.59
C0438,2026-03-18,Snacks,7.32
C0438,2026-06-06,Coffee,6.52
C0438,2026-02-16,Snacks,13.65
C0438,2026-02-02,Tea,14.33
C0438,2025-12-26,Tea,5.85
C0439,2025-12-24,Bakery,24.38
C0439,2026-03-27,Snacks,22.36
C0440,2026-03-16,Coffee,13.1
C0440,2025-11-14,Tea,13.89
C0440,2025-11-24,Tea,14.02
C0440,2025-11-15,Bakery,9.04
C0440,2026-04-27,Bakery,7.31
C0440,2025-11-17,Snacks,4.47
C0440,2026-04-24,Accessories,11.92
C0440,2026-07-14,Coffee,4.28
C0441,2026-06-12,Bakery,11.18
C0441,2026-04-01,Coffee,13.7
C0441,2025-12-10,Tea,7.84
C0442,2026-07-12,Snacks,33.42
C0442,2026-08-14,Accessories,43.85
C0442,2026-03-05,Snacks,32.9
C0442,2026-01-20,Snacks,39.87
C0442,2026-04-26,Bakery,35.87
C0442,2026-08-25,Bakery,12.96
C0442,2026-07-06,Tea,25.08
C0442,2026-04-20,Accessories,30.63
C0442,2026-04-04,Accessories,25.02
C0443,2025-12-10,Coffee,54.95
C0443,2025-09-02,Accessories,85.71
C0443,2025-09-30,Accessories,29.96
C0443,2026-04-06,Coffee,23.56
C0443,2026-06-22,Accessories,23.15
C0443,2026-06-03,Bakery,27.85
C0443,2025-10-06,Accessories,54.74
C0443,2026-05-15,Bakery,40.06
C0443,2026-04-20,Bakery,83.68
C0443,2026-05-04,Bakery,47.36
C0444,2026-02-16,Coffee,11.96
C0444,2025-10-28,Coffee,10.65
C0444,2025-09-05,Bakery,18.84
C0444,2025-12-20,Coffee,10.12
C0444,2025-12-01,Coffee,11.6
C0444,2025-12-16,Coffee,7.86
C0444,2025-11-30,Coffee,13.05
C0444,2025-10-10,Accessories,18.16
C0445,2025-09-25,Coffee,24.83
C0445,2025-11-17,Snacks,25.68
C0445,2025-10-24,Accessories,12.51
C0445,2025-12-19,Snacks,25.28
C0445,2025-09-13,Tea,19.7
C0445,2025-10-31,Tea,33.73
C0445,2025-11-16,Snacks,24.29
C0445,2025-12-09,Accessories,33.66
C0446,2025-10-04,Accessories,36.77
C0446,2026-06-27,Coffee,29.69
C0446,2026-06-17,Tea,18.35
C0446,2026-05-09,Snacks,14.57
C0446,2026-05-15,Coffee,16.74
C0446,2025-09-13,Bakery,35.84
C0446,2026-07-14,Coffee,19.68
C0446,2025-12-29,Coffee,9.03
C0446,2025-09-29,Accessories,31.13
C0446,2026-02-14,Coffee,22.5
C0446,2026-05-06,Coffee,13.47
C0446,2025-10-03,Bakery,34.69
C0446,2026-04-19,Coffee,19.77
C0446,2026-07-15,Tea,26.2
C0446,2025-10-30,Coffee,11.4
C0446,2026-02-13,Coffee,13.29
C0447,2025-12-18,Bakery,11.17
C0447,2025-10-21,Coffee,12.55
C0447,2026-05-04,Coffee,11.3
C0447,2026-03-03,Coffee,21.01
C0447,2026-07-23,Coffee,8.32
C0447,2025-10-09,Tea,24.67
C0447,2026-03-08,Accessories,16.16
C0447,2025-12-25,Tea,8.33
C0447,2026-02-25,Accessories,16.52
C0447,2025-12-10,Bakery,17.74
C0447,2025-09-21,Coffee,12.56
C0447,2026-02-21,Coffee,8.3
C0447,2026-08-24,Tea,25.88
C0447,2026-07-19,Tea,27.55
C0448,2026-03-06,Coffee,20.53
C0448,2026-08-19,Coffee,19.67
C0449,2026-02-06,Tea,37.63
C0449,2025-09-17,Bakery,24.25
C0449,2026-07-10,Bakery,56.12
C0449,2025-11-29,Snacks,26.68
C0449,2026-03-21,Coffee,59.66
C0449,2026-05-01,Snacks,44.76
C0449,2026-08-29,Accessories,65.3
C0450,2026-06-09,Bakery,11.13
C0450,2026-01-18,Accessories,9.04
C0450,2026-01-12,Coffee,8.94
C0450,2025-12-21,Accessories,7.98
C0450,2025-11-18,Tea,6.26
C0450,2026-05-16,Accessories,8.11
C0450,2026-02-07,Coffee,4.1
C0450,2025-11-19,Coffee,4.6
C0450,2025-11-23,Tea,6.99
C0450,2026-02-13,Bakery,9.62
C0450,2026-04-01,Coffee,8.88
C0451,2026-04-22,Coffee,13.46
C0451,2025-09-13,Coffee,9.98
C0451,2025-12-16,Coffee,4.71
C0451,2026-05-07,Coffee,14.49
C0451,2026-04-27,Snacks,17.07
C0451,2025-11-03,Accessories,17.82
C0451,2026-04-02,Coffee,5.92
C0451,2026-06-27,Accessories,7.44
C0451,2026-08-19,Coffee,7.29
C0451,2026-06-03,Coffee,8.81
C0451,2025-11-04,Coffee,16.59
C0451,2026-04-01,Accessories,5.58
C0452,2026-06-28,Tea,10.39
C0452,2026-03-25,Coffee,12.52
C0452,2026-06-02,Coffee,7.97
C0452,2026-08-27,Tea,12.27
C0452,2026-03-26,Coffee,14.86
C0452,2026-01-08,Coffee,6.03
C0452,2026-02-23,Tea,13.89
C0452,2026-05-24,Coffee,5.69
C0453,2026-07-22,Tea,7.07
C0453,2026-07-22,Snacks,7.97
C0453,2025-11-29,Tea,7.5
C0453,2026-04-26,Coffee,9.97
C0453,2026-01-06,Bakery,12.34
C0453,2026-02-10,Bakery,11.98
C0453,2026-03-02,Snacks,4.31
C0453,2025-12-05,Snacks,5.14
C0454,2026-08-29,Tea,19.28
C0454,2026-07-23,Coffee,31.57
C0454,2026-02-26,Coffee,46.23
C0454,2026-05-30,Tea,53.32
C0454,2026-04-22,Bakery,41.23
C0454,2026-08-18,Tea,50.11
C0454,2026-06-12,Snacks,56.68
C0454,2026-04-20,Tea,46.39
C0455,2026-03-18,Coffee,4.39
C0455,2026-08-31,Accessories,9.93
C0455,2026-04-01,Bakery,11.45
C0455,2026-05-06,Bakery,6.74
C0456,2025-09-11,Snacks,11.86
C0456,2025-10-17,Accessories,18.24
C0456,2025-10-09,Bakery,17.55
C0456,2026-01-18,Coffee,20.9
C0456,2026-08-17,Snacks,13.12
C0456,2025-12-22,Snacks,13.08
C0456,2025-10-17,Snacks,7.42
C0456,2026-03-19,Bakery,15.73
C0457,2026-06-06,Snacks,60.08
C0457,2026-07-23,Snacks,35.51
C0457,2026-07-06,Accessories,40.45
C0457,2026-02-17,Accessories,16.28
C0457,2025-09-24,Coffee,47.86
C0458,2026-01-29,Accessories,29.1
C0458,2026-08-05,Snacks,25.93
C0458,2025-09-26,Snacks,21.53
C0458,2026-01-03,Snacks,30.09
C0458,2025-12-17,Accessories,20.72
C0459,2025-12-05,Snacks,8.18
C0459,2025-12-23,Coffee,8.24
C0459,2026-07-01,Tea,16.58
C0459,2026-06-01,Snacks,18.71
C0459,2026-03-19,Tea,16.22
C0459,2025-11-20,Tea,18.79
C0460,2026-03-27,Coffee,6.38
C0460,2026-03-07,Tea,12.44
C0460,2026-02-02,Coffee,9.46
C0460,2025-12-13,Tea,9.13
C0460,2025-10-28,Snacks,12.35
C0461,2026-03-05,Tea,16.66
C0461,2026-03-17,Coffee,26.24
C0461,2026-08-03,Coffee,9.61
C0461,2026-08-28,Coffee,18.84
C0461,2026-05-05,Coffee,20.21
C0461,2026-08-16,Coffee,21.85
C0462,2026-03-03,Snacks,8.12
C0462,2025-11-30,Tea,11.7
C0462,2026-04-06,Tea,18.03
C0462,2026-04-26,Bakery,5.41
C0462,2025-10-22,Snacks,13.16
C0462,2026-05-11,Bakery,8.64
C0463,2025-10-17,Tea,7.51
C0463,2026-01-14,Coffee,9.2
C0463,2025-09-10,Coffee,9.02
C0463,2026-06-02,Coffee,16.41
C0463,2026-04-13,Accessories,5.13
C0463,2026-04-14,Snacks,9.51
C0463,2026-03-28,Snacks,10.41
C0464,2026-04-22,Coffee,32.53
C0464,2025-11-12,Coffee,22.54
C0464,2025-10-16,Bakery,36.54
C0464,2026-02-16,Tea,21.84
C0464,2026-05-07,Bakery,29.65
C0465,2025-12-14,Coffee,7.51
C0465,2025-09-19,Coffee,13.53
C0465,2026-04-14,Bakery,8.52
C0465,2026-04-18,Coffee,8.87
C0465,2025-10-11,Coffee,9.79
C0465,2026-01-16,Coffee,12.6
C0465,2025-11-12,Bakery,7.36
C0465,2025-12-27,Bakery,20.66
C0465,2026-03-29,Tea,10.92
C0465,2026-03-01,Coffee,7.54
C0465,2026-05-06,Coffee,13.88
C0465,2026-07-23,Accessories,17.04
C0466,2026-03-29,Accessories,21.92
C0466,2026-04-18,Accessories,10.44
C0466,2026-05-28,Coffee,18.37
C0466,2026-06-14,Coffee,20.23
C0467,2025-12-07,Tea,9.43
C0467,2026-02-17,Coffee,9.32
C0467,2025-11-10,Tea,9.67
C0467,2026-01-03,Coffee,5.03
C0467,2026-05-20,Accessories,7.84
C0467,2026-07-21,Snacks,10.13
C0467,2026-08-30,Accessories,9.72
C0468,2025-10-08,Coffee,21.3
C0468,2026-06-16,Coffee,17.73
C0468,2025-09-24,Tea,23.46
C0468,2025-11-20,Snacks,21.16
C0468,2025-12-31,Coffee,9.65
C0468,2025-12-26,Accessories,18.52
C0468,2026-06-25,Snacks,26.9
C0468,2025-12-22,Tea,8.56
C0468,2026-03-17,Snacks,21.9
C0468,2025-09-16,Snacks,15.54
C0468,2026-03-22,Bakery,10.23
C0468,2026-03-12,Bakery,22.49
C0469,2025-11-05,Coffee,7.72
C0469,2026-03-02,Tea,13.37
C0469,2026-03-19,Coffee,15.67
C0469,2026-07-14,Coffee,16.32
C0469,2025-11-02,Coffee,17.29
C0469,2026-03-17,Coffee,14.09
C0469,2026-06-16,Coffee,23.12
C0469,2025-09-14,Coffee,17.98
C0470,2026-05-05,Coffee,25.41
C0470,2026-02-04,Bakery,18.06
C0470,2026-06-30,Accessories,30.09
C0470,2026-05-21,Tea,23.72
C0470,2025-09-07,Coffee,20.5
C0470,2025-12-08,Accessories,21.5
C0470,2025-10-22,Coffee,9.83
C0470,2025-10-08,Coffee,19.16
C0470,2026-08-19,Bakery,27
C0470,2026-07-05,Tea,26.71
C0471,2026-06-09,Coffee,12.81
C0471,2025-11-03,Snacks,12.48
C0471,2026-07-29,Accessories,30.5
C0471,2026-05-12,Coffee,9.39
C0471,2026-01-25,Coffee,23.64
C0471,2026-06-02,Coffee,9.1
C0471,2026-01-10,Coffee,16.83
C0472,2025-10-14,Accessories,12.97
C0472,2026-03-08,Accessories,7.53
C0472,2026-05-25,Coffee,7.32
C0472,2026-06-19,Snacks,9.25
C0472,2026-08-25,Coffee,4.47
C0472,2026-01-20,Tea,5.27
C0473,2026-07-10,Coffee,19.08
C0473,2025-10-03,Coffee,21.48
C0473,2026-05-27,Bakery,13.35
C0473,2026-02-05,Tea,13.82
C0474,2025-11-14,Accessories,4.13
C0474,2026-05-20,Coffee,2.46
C0474,2025-11-24,Bakery,5.9
C0474,2026-01-09,Accessories,2.16
C0474,2026-02-25,Bakery,2.71
C0474,2026-02-12,Snacks,3.19
C0475,2026-06-16,Tea,15.84
C0475,2026-08-22,Bakery,16.35
C0475,2025-12-10,Bakery,19.75
C0475,2025-11-23,Coffee,8.51
C0475,2026-01-02,Bakery,18.08
C0475,2026-01-16,Tea,14.74
C0475,2025-12-22,Coffee,7.19
C0475,2026-05-05,Tea,18.69
C0475,2026-04-09,Coffee,20.91
C0476,2026-05-12,Bakery,55.23
C0476,2026-07-05,Accessories,34.71
C0476,2025-12-15,Bakery,36.39
C0476,2026-08-30,Accessories,37.5
C0476,2026-05-28,Tea,49.37
C0476,2026-03-16,Coffee,37.1
C0476,2026-06-09,Coffee,36.21
C0476,2026-08-19,Accessories,23.99
C0476,2026-08-13,Coffee,50.12
C0476,2025-09-08,Tea,33.09
C0476,2026-02-13,Coffee,53.71
C0476,2026-03-12,Accessories,49.1
C0476,2025-12-11,Accessories,30.44
C0476,2025-11-24,Accessories,31.75
C0477,2025-10-31,Tea,11.55
C0477,2026-02-08,Bakery,27.9
C0477,2025-10-26,Coffee,20.05
C0477,2026-08-16,Coffee,13.51
C0477,2026-05-01,Snacks,20.92
C0477,2025-11-26,Bakery,28.85
C0478,2026-04-05,Accessories,19.13
C0478,2025-12-19,Tea,18.27
C0478,2026-01-09,Tea,17.51
C0478,2025-11-26,Snacks,9.74
C0479,2026-06-30,Bakery,15.2
C0479,2026-08-10,Bakery,13.46
C0479,2026-02-18,Bakery,21.08
C0479,2026-02-14,Coffee,13.68
C0479,2026-06-02,Coffee,10.78
C0479,2026-06-23,Accessories,8.02
C0479,2026-08-13,Bakery,10.15
C0479,2025-10-28,Bakery,7.34
C0479,2026-03-23,Snacks,6.71
C0479,2026-04-29,Coffee,15.77
C0480,2026-07-26,Snacks,1.5
C0480,2026-07-29,Snacks,3.54
C0480,2026-08-31,Coffee,2.6
C0480,2026-01-18,Coffee,2.32
C0480,2026-03-30,Tea,1.51
C0480,2026-01-14,Snacks,3.46
C0480,2026-04-16,Bakery,2.74
C0480,2025-10-23,Coffee,2.77
C0480,2026-01-11,Accessories,1.55
C0480,2025-09-13,Snacks,3.31
C0480,2026-05-22,Accessories,1.5
C0480,2026-08-26,Tea,1.5
C0481,2026-03-16,Bakery,16.06
C0481,2026-05-30,Bakery,10.61
C0481,2026-02-21,Accessories,9.23
C0481,2026-02-20,Accessories,18.34
C0481,2026-08-18,Snacks,13.18
C0481,2025-12-03,Accessories,18.42
C0481,2026-08-28,Tea,20.37
C0482,2026-02-06,Accessories,39.81
C0482,2026-08-15,Tea,34.12
C0482,2025-11-22,Coffee,16.73
C0482,2026-07-28,Bakery,22.44
C0482,2026-04-11,Snacks,26.57
C0482,2025-12-02,Accessories,47.73
C0482,2026-06-04,Bakery,42.37
C0482,2026-01-12,Snacks,38.54
C0482,2025-10-11,Snacks,32.35
C0483,2026-05-13,Snacks,15.68
C0483,2025-11-13,Coffee,14.94
C0483,2025-09-18,Tea,10.17
C0483,2025-11-24,Coffee,19.63
C0483,2025-09-18,Coffee,18.57
C0483,2025-09-26,Bakery,21.07
C0483,2025-09-24,Tea,22.61
C0483,2026-02-03,Bakery,19.97
C0483,2025-12-24,Coffee,12.35
C0483,2026-03-19,Tea,14.84
C0484,2026-04-30,Accessories,8.11
C0484,2026-04-04,Coffee,15.69
C0484,2026-06-17,Tea,12.55
C0484,2026-03-25,Bakery,10.37
C0484,2026-08-13,Snacks,14.95
C0485,2026-03-20,Coffee,32.64
C0485,2026-03-16,Accessories,20.77
C0485,2025-10-31,Accessories,25.79
C0485,2026-04-16,Coffee,9.72
C0485,2025-10-20,Coffee,19.65
C0485,2025-12-18,Coffee,16.71
C0485,2025-12-15,Coffee,10.78
C0485,2025-12-31,Snacks,22.7
C0485,2026-04-26,Snacks,20.31
C0485,2025-10-21,Coffee,18.66
C0486,2026-06-07,Accessories,24.66
C0486,2026-05-16,Accessories,20.68
C0486,2026-07-22,Coffee,10.2
C0486,2026-06-19,Snacks,15.62
C0486,2026-05-03,Snacks,13.53
C0486,2025-12-12,Tea,32
C0486,2025-09-19,Tea,32.15
C0486,2026-06-26,Bakery,12.57
C0486,2026-08-12,Coffee,29.35
C0487,2025-11-27,Coffee,12.38
C0487,2025-09-13,Coffee,11.91
C0487,2026-02-14,Snacks,6.08
C0487,2026-05-21,Coffee,7.95
C0487,2026-04-27,Bakery,18.42
C0487,2026-05-04,Tea,19.19
C0488,2026-04-25,Tea,18.71
C0488,2026-05-09,Bakery,14.77
C0488,2026-05-23,Tea,37.52
C0488,2026-05-23,Snacks,31.26
C0488,2025-11-26,Coffee,33.05
C0488,2025-12-16,Tea,41.61
C0488,2025-10-13,Coffee,17.66
C0489,2026-03-04,Accessories,8.38
C0489,2025-12-24,Accessories,11.15
C0489,2026-08-30,Accessories,12.82
C0489,2026-06-01,Accessories,14.83
C0489,2025-12-21,Coffee,11.51
C0489,2026-01-04,Accessories,10.53
C0489,2025-09-24,Bakery,4.46
C0489,2026-03-25,Tea,9.81
C0489,2025-09-28,Coffee,10.64
C0489,2026-07-24,Snacks,13.59
C0489,2025-10-12,Coffee,11.33
C0490,2025-10-09,Bakery,10.19
C0490,2026-07-11,Coffee,8.98
C0490,2025-12-22,Snacks,3.68
C0490,2025-09-07,Tea,5.47
C0490,2026-04-05,Accessories,7.3
C0490,2025-12-13,Bakery,7.96
C0490,2026-03-27,Snacks,5.91
C0491,2026-01-29,Accessories,23.35
C0491,2026-02-01,Bakery,38.96
C0491,2026-01-05,Tea,37.02
C0491,2025-10-01,Coffee,28.76
C0491,2025-11-15,Coffee,11.08
C0491,2025-09-02,Coffee,20.75
C0491,2026-02-21,Coffee,12.38
C0491,2025-12-04,Coffee,27.84
C0491,2026-07-15,Accessories,25.53
C0491,2026-05-04,Tea,23.42
C0491,2025-11-19,Coffee,14.04
C0491,2026-08-02,Tea,27.83
C0491,2026-01-18,Coffee,24.96
C0492,2025-10-25,Coffee,28.14
C0492,2026-01-30,Accessories,29.41
C0492,2026-08-20,Tea,51.63
C0492,2026-01-04,Coffee,26.78
C0492,2026-05-12,Accessories,36.73
C0492,2026-02-27,Coffee,12.98
C0492,2026-02-19,Coffee,13.88
C0492,2025-12-24,Coffee,28.34
C0492,2026-03-06,Bakery,25.02
C0492,2025-09-22,Bakery,24.94
C0492,2026-01-21,Snacks,27.25
C0492,2026-04-10,Coffee,31.99
C0493,2026-01-29,Coffee,19.71
C0493,2026-07-27,Bakery,17.64
C0493,2025-12-23,Coffee,14.69
C0493,2026-03-03,Snacks,30.22
C0493,2026-08-20,Tea,52.47
C0494,2026-05-19,Coffee,31.39
C0494,2026-06-08,Coffee,16.99
C0494,2026-06-25,Accessories,12.08
C0494,2026-01-29,Snacks,26.64
C0494,2025-12-01,Bakery,34.32
C0494,2026-08-09,Coffee,28.13
C0494,2026-02-15,Accessories,34.4
C0495,2025-11-21,Coffee,6.28
C0495,2026-02-13,Coffee,4.48
C0495,2025-09-06,Snacks,12.73
C0495,2025-09-25,Bakery,12.35
C0495,2025-11-15,Coffee,5.77
C0495,2026-04-02,Tea,14.2
C0495,2026-07-28,Coffee,11.59
C0495,2026-01-18,Tea,17.14
C0495,2025-11-20,Accessories,18.06
C0495,2026-07-27,Bakery,6.04
C0495,2026-01-24,Snacks,5.69
C0496,2025-11-30,Bakery,3.9
C0496,2025-09-30,Coffee,1.5
C0496,2026-07-06,Bakery,2.55
C0496,2026-06-25,Snacks,1.95
C0496,2026-08-19,Coffee,3.64
C0496,2026-04-01,Snacks,1.54
C0496,2026-01-04,Snacks,3.21
C0497,2025-11-25,Coffee,2.86
C0497,2026-05-04,Accessories,2.24
C0497,2026-08-08,Bakery,2.27
C0497,2026-04-29,Coffee,1.82
C0497,2025-12-02,Accessories,2.58
C0497,2026-07-14,Coffee,1.5
C0497,2026-01-04,Snacks,3.27
C0497,2025-11-06,Coffee,1.5
C0497,2026-06-06,Coffee,1.5
C0497,2025-09-25,Tea,2.56
C0497,2025-09-22,Tea,1.99
C0497,2026-06-04,Tea,2.45
C0497,2026-04-27,Coffee,2.58
C0498,2026-08-09,Accessories,28.13
C0498,2025-12-02,Tea,15.94
C0498,2025-10-10,Snacks,25.39
C0498,2025-12-17,Tea,28.58
C0499,2026-01-20,Coffee,8.56
C0499,2026-03-17,Coffee,11.78
C0499,2026-06-29,Bakery,6.41
C0499,2025-10-14,Tea,9.54
C0499,2026-08-08,Accessories,3.97
C0499,2026-04-27,Tea,3.75
C0500,2025-10-26,Tea,21.77
C0500,2025-12-10,Coffee,35.71
C0500,2026-08-07,Coffee,26.57
C0500,2026-04-01,Snacks,26.16
C0500,2026-08-21,Tea,35.96
C0500,2025-11-21,Accessories,37.94
C0500,2025-09-17,Accessories,49.87
C0500,2026-03-30,Accessories,13.81
C0500,2025-09-29,Coffee,22.06
C0500,2026-03-31,Coffee,23.15
C0500,2025-12-30,Bakery,22.49
C0500,2026-03-09,Coffee,31.94
C0500,2025-11-30,Bakery,36.74
C0500,2025-10-22,Coffee,42.58
C0501,2025-09-30,Tea,25.09
C0501,2025-09-07,Tea,22.46
C0501,2025-10-04,Coffee,24.95
C0501,2026-06-22,Tea,29.11
C0501,2026-06-07,Coffee,15.01
C0501,2026-02-10,Tea,14.01
C0501,2026-07-08,Snacks,17.34
C0501,2026-08-19,Accessories,22.35
C0501,2026-05-02,Accessories,28.94
C0501,2025-09-11,Accessories,28.62
C0501,2025-09-08,Coffee,14.67
C0501,2026-01-08,Coffee,26.41
C0502,2026-05-15,Coffee,10.4
C0502,2026-02-10,Snacks,18.91
C0502,2026-04-17,Bakery,20.27
C0502,2025-10-17,Bakery,23.75
C0502,2025-10-07,Bakery,15.45
C0502,2026-05-17,Snacks,33.03
C0503,2025-12-19,Bakery,12.58
C0503,2026-01-15,Coffee,5.53
C0503,2025-09-14,Coffee,4.36
C0503,2026-08-04,Bakery,4.55
C0504,2026-01-08,Bakery,5.96
C0504,2026-05-24,Bakery,11.56
C0504,2025-12-07,Accessories,13.28
C0504,2026-03-27,Snacks,14.6
C0505,2026-08-05,Coffee,17.08
C0505,2026-02-17,Tea,25.17
C0505,2026-02-21,Tea,32.71
C0505,2026-04-29,Accessories,19.36
C0505,2025-10-12,Bakery,8.89
C0505,2026-08-28,Bakery,32.82
C0505,2026-06-14,Snacks,13.22
C0505,2025-09-26,Coffee,15.5
C0505,2025-11-12,Snacks,30.08
C0505,2025-10-26,Coffee,24.44
C0506,2025-10-10,Bakery,15.75
C0506,2025-10-19,Bakery,19.07
C0506,2025-10-30,Coffee,20.04
C0506,2026-01-27,Tea,23.59
C0506,2025-09-11,Tea,31.09
C0506,2026-07-24,Snacks,26.65
C0506,2026-03-27,Accessories,19.73
C0506,2026-05-23,Coffee,23.77
C0506,2026-07-20,Accessories,29.73
C0506,2026-07-13,Snacks,20.28
C0507,2025-12-02,Coffee,5.95
C0507,2026-07-18,Coffee,19.8
C0507,2026-03-13,Coffee,20.09
C0507,2026-04-29,Accessories,14.53
C0507,2025-11-21,Accessories,25.13
C0508,2025-10-16,Tea,15.17
C0508,2025-11-01,Bakery,12.33
C0508,2026-05-31,Tea,9.16
C0508,2026-05-27,Coffee,6.39
C0508,2026-05-01,Coffee,10.19
C0508,2025-10-17,Bakery,15.13
C0508,2025-09-29,Snacks,16.36
C0508,2025-12-18,Bakery,6.05
C0508,2026-02-08,Tea,8.68
C0508,2025-12-28,Bakery,15.88
C0508,2026-06-03,Coffee,16.44
C0508,2025-10-02,Bakery,9.04
C0509,2026-07-07,Bakery,13.9
C0509,2025-12-16,Tea,11.03
C0509,2026-08-06,Accessories,6.12
C0509,2025-09-21,Bakery,14.54
C0509,2026-03-06,Coffee,4.18
C0509,2025-11-04,Bakery,6.24
C0509,2025-11-03,Snacks,5.06
C0510,2026-06-26,Snacks,18.45
C0510,2026-01-05,Bakery,18.3
C0510,2026-04-15,Snacks,30.08
C0510,2026-06-06,Tea,20.08
C0510,2026-06-20,Accessories,18.79
C0510,2026-03-22,Bakery,33.45
C0511,2026-02-25,Accessories,4.4
C0511,2026-01-28,Bakery,4.95
C0511,2026-05-03,Coffee,9.13
C0511,2025-10-25,Snacks,6.84
C0511,2025-10-30,Coffee,5.17
C0511,2026-02-16,Bakery,3.47
C0511,2025-10-31,Accessories,6.46
C0511,2026-02-17,Coffee,6.15
C0511,2026-06-12,Coffee,2.7
C0511,2025-09-14,Coffee,6.75
C0512,2026-05-13,Snacks,27.22
C0512,2026-04-10,Coffee,13.69
C0512,2026-06-22,Tea,13.26
C0512,2025-12-24,Bakery,20.27
C0512,2025-10-25,Snacks,32.67
C0512,2026-02-07,Coffee,24.72
C0512,2026-06-26,Bakery,11.72
C0512,2025-10-04,Bakery,32.01
C0512,2026-05-14,Accessories,16.13
C0512,2025-12-25,Snacks,17.07
C0513,2025-12-07,Accessories,27.54
C0513,2026-01-28,Bakery,59.05
C0513,2025-12-20,Tea,68.51
C0513,2026-03-27,Tea,18.45
C0513,2026-05-29,Tea,34.86
C0513,2026-01-04,Coffee,46.59
C0513,2026-05-04,Tea,39.68
C0513,2026-03-12,Coffee,56.54
C0513,2026-04-02,Snacks,33.22
C0514,2026-08-30,Coffee,27.76
C0514,2026-04-21,Accessories,24.35
C0514,2026-05-21,Coffee,14.33
C0514,2026-01-30,Bakery,11.51
C0514,2026-01-19,Tea,12.82
C0514,2026-01-16,Tea,22.92
C0514,2026-05-11,Snacks,25.09
C0514,2025-09-04,Accessories,31.41
C0515,2026-04-19,Coffee,3.89
C0515,2026-02-12,Snacks,6.02
C0515,2025-11-23,Coffee,3.52
C0516,2026-05-20,Bakery,25.42
C0516,2026-01-02,Coffee,8.79
C0516,2026-04-20,Accessories,9.9
C0516,2026-07-08,Coffee,16.69
C0516,2025-10-12,Snacks,11.92
C0516,2026-03-16,Accessories,14.94
C0516,2026-07-12,Accessories,24.3
C0516,2025-09-26,Coffee,21.3
C0516,2026-08-02,Tea,10.55
C0516,2025-11-03,Snacks,12.11
C0516,2026-08-13,Coffee,5.99
C0517,2026-05-01,Snacks,40.08
C0517,2026-01-29,Tea,41.35
C0517,2026-02-27,Snacks,32.29
C0517,2025-10-01,Snacks,27.87
C0517,2026-04-02,Coffee,11.74
C0517,2026-04-09,Tea,46.87
C0517,2026-07-10,Accessories,30.05
C0518,2026-03-15,Tea,17.94
C0518,2026-03-01,Bakery,36.23
C0518,2026-08-18,Bakery,38.15
C0518,2025-10-11,Coffee,30.65
C0518,2025-11-21,Snacks,28.41
C0519,2026-02-11,Bakery,4.05
C0519,2026-02-17,Coffee,6.25
C0519,2026-06-16,Bakery,7.06
C0519,2026-05-10,Snacks,3.36
C0519,2026-03-21,Bakery,4.87
C0520,2025-09-04,Coffee,55.94
C0520,2025-10-20,Coffee,60.98
C0520,2026-02-03,Tea,57.82
C0520,2026-06-25,Coffee,37.38
C0520,2026-06-23,Snacks,63.95
C0521,2025-09-28,Accessories,27.83
C0521,2025-09-14,Coffee,6.69
C0521,2026-04-02,Tea,18.72
C0521,2026-02-07,Snacks,22.25
C0521,2025-09-12,Coffee,13.82
C0522,2025-10-22,Bakery,30.74
C0522,2025-11-11,Accessories,44.73
C0522,2026-03-17,Accessories,18.01
C0522,2025-12-03,Coffee,22.76
C0522,2026-05-09,Tea,40.62
C0522,2025-11-28,Coffee,15.02
C0523,2025-11-09,Tea,14.94
C0523,2026-05-25,Coffee,7.01
C0523,2025-11-21,Coffee,13.45
C0523,2025-09-01,Snacks,14.75
C0523,2025-10-15,Coffee,11.46
C0523,2026-05-21,Coffee,13.51
C0523,2026-06-28,Coffee,19.28
C0523,2025-09-10,Coffee,8.38
C0523,2025-10-27,Accessories,11.13
C0523,2025-10-06,Accessories,12.1
C0523,2025-10-02,Coffee,11.01
C0523,2025-10-22,Coffee,8.21
C0524,2026-07-26,Bakery,29.83
C0524,2026-07-21,Bakery,23.06
C0524,2025-10-21,Bakery,19.72
C0524,2026-02-27,Coffee,25.96
C0524,2025-10-09,Coffee,8.01
C0524,2026-05-21,Snacks,30.41
C0524,2026-01-10,Bakery,28.13
C0525,2026-04-11,Coffee,18.11
C0525,2026-08-25,Snacks,16.95
C0525,2026-03-06,Accessories,19.99
C0525,2026-05-31,Accessories,9.68
C0525,2026-03-13,Coffee,5.61
C0525,2026-01-23,Coffee,11.82
C0525,2026-02-08,Snacks,7.23
C0525,2026-01-12,Bakery,22.83
C0525,2025-09-26,Coffee,16.99
C0525,2026-08-28,Accessories,8.03
C0525,2026-03-14,Accessories,21.53
C0526,2026-05-25,Coffee,9.71
C0526,2026-05-31,Accessories,12.72
C0526,2025-09-21,Tea,12.94
C0526,2026-04-09,Snacks,13.32
C0527,2026-07-24,Coffee,4.93
C0527,2026-03-15,Coffee,6.67
C0527,2025-11-08,Bakery,6.48
C0527,2026-02-08,Bakery,4.38
C0528,2025-09-10,Bakery,18.85
C0528,2025-12-05,Coffee,7.86
C0529,2026-06-28,Coffee,32.43
C0529,2026-07-04,Coffee,29.95
C0529,2025-09-25,Tea,35.09
C0529,2026-03-28,Tea,45.93
C0529,2026-08-14,Accessories,24.25
C0530,2025-09-28,Bakery,26.14
C0530,2025-11-06,Tea,24.45
C0531,2026-03-31,Bakery,14.35
C0531,2025-12-15,Tea,11.16
C0531,2026-01-21,Coffee,9.21
C0531,2026-01-26,Bakery,5.97
C0531,2025-09-29,Tea,10.1
C0531,2026-01-07,Bakery,15.25
C0531,2025-12-12,Coffee,4.47
C0532,2026-01-05,Bakery,13.49
C0532,2026-05-04,Bakery,14.82
C0532,2025-12-25,Bakery,12.57
C0532,2026-04-02,Accessories,9.85
C0532,2026-05-23,Accessories,5.65
C0532,2026-02-18,Snacks,13.94
C0532,2026-05-13,Bakery,13.11
C0532,2025-12-24,Tea,12.39
C0533,2025-10-16,Snacks,35.81
C0533,2025-09-01,Coffee,48.09
C0533,2026-06-03,Snacks,22.05
C0533,2026-07-05,Coffee,28.3
C0534,2026-08-13,Snacks,38.15
C0534,2026-02-16,Coffee,27.77
C0534,2026-07-14,Coffee,22.23
C0534,2026-07-13,Coffee,41.83
C0534,2025-12-17,Tea,58.54
C0534,2025-10-24,Tea,25.15
C0535,2025-10-10,Coffee,27.79
C0535,2025-12-13,Tea,16.09
C0535,2026-05-21,Coffee,27.56
C0535,2025-12-07,Coffee,24.16
C0535,2025-10-13,Accessories,15.96
C0535,2025-10-03,Coffee,19.56
C0535,2026-06-07,Coffee,15.7
C0535,2026-02-08,Snacks,25.11
C0535,2026-04-23,Bakery,25.77
C0536,2026-07-04,Coffee,9.7
C0536,2026-03-11,Accessories,10.11
C0536,2025-12-29,Coffee,10.48
C0536,2026-03-13,Accessories,6.29
C0536,2025-09-26,Tea,6.62
C0536,2026-08-27,Coffee,12.54
C0536,2026-07-13,Tea,13.11
C0536,2026-05-12,Coffee,7.22
C0536,2026-06-17,Snacks,8.78
C0536,2025-10-02,Snacks,11.66
C0536,2025-11-01,Coffee,12.73
C0536,2026-02-13,Tea,7.69
C0536,2026-07-21,Bakery,13.72
C0537,2025-12-22,Coffee,12.02
C0537,2025-09-04,Bakery,11.29
C0537,2025-12-28,Snacks,14.71
C0537,2026-08-06,Coffee,10.6
C0537,2026-08-09,Tea,9.18
C0537,2026-03-06,Tea,17.37
C0537,2026-05-25,Accessories,10.89
C0537,2026-02-18,Coffee,8.7
C0537,2025-12-25,Bakery,11.11
C0537,2026-02-09,Bakery,9.16
C0537,2026-02-28,Snacks,4.56
C0537,2025-11-04,Snacks,10.3
C0538,2026-01-21,Accessories,6.33
C0538,2026-05-23,Bakery,5.62
C0538,2026-06-06,Coffee,8.83
C0538,2025-11-14,Coffee,6.78
C0538,2026-05-31,Tea,9.85
C0538,2026-07-23,Snacks,11.59
C0538,2026-02-19,Accessories,4.01
C0538,2026-02-11,Coffee,4.56
C0538,2026-05-08,Tea,4.11
C0538,2026-07-17,Tea,7.05
C0538,2026-08-23,Accessories,3.52
C0538,2026-02-04,Snacks,9.86
C0538,2026-07-22,Bakery,8.19
C0539,2026-05-14,Snacks,24.05
C0539,2026-03-05,Snacks,21.16
C0539,2026-01-22,Snacks,27.48
C0539,2025-12-29,Tea,25.62
C0540,2026-03-22,Coffee,6.3
C0540,2026-02-28,Accessories,3.85
C0540,2025-09-18,Accessories,5.9
C0540,2025-09-13,Accessories,4.56
C0540,2026-01-29,Coffee,4.73
C0541,2026-08-22,Coffee,17.5
C0541,2026-05-26,Coffee,23.98
C0541,2026-01-22,Coffee,9.55
C0541,2025-09-16,Tea,13.74
C0542,2026-08-26,Coffee,38.42
C0542,2026-02-25,Tea,21.66
C0542,2025-11-18,Bakery,46.43
C0542,2025-09-21,Coffee,15.23
C0542,2026-06-08,Accessories,15.01
C0543,2026-02-09,Snacks,16.49
C0543,2026-07-13,Snacks,20.29
C0543,2026-07-01,Coffee,26.09
C0543,2025-09-03,Accessories,16.23
C0543,2026-04-20,Snacks,27.25
C0543,2026-08-07,Bakery,22.12
C0543,2026-07-09,Accessories,21.97
C0543,2026-02-19,Tea,31.41
C0543,2026-05-08,Bakery,26.66
C0544,2026-03-22,Snacks,26.19
C0544,2026-08-16,Coffee,13.57
C0544,2026-06-02,Accessories,26.54
C0544,2025-09-18,Snacks,28.88
C0544,2026-05-24,Coffee,23.19
C0544,2026-08-01,Tea,14.01
C0544,2026-03-08,Tea,21.72
C0544,2026-05-27,Tea,30.71
C0544,2026-07-30,Coffee,25.69
C0544,2025-09-27,Tea,9.03
C0545,2026-03-05,Coffee,4.36
C0546,2026-03-03,Bakery,16.56
C0546,2025-12-19,Bakery,22.45
C0546,2026-02-13,Coffee,20.32
C0546,2026-05-01,Coffee,18.62
C0546,2026-01-06,Tea,8.58
C0546,2026-02-01,Snacks,22.85
C0546,2025-12-10,Accessories,11.42
C0546,2026-01-10,Accessories,21.31
C0547,2025-12-17,Accessories,13.35
C0547,2025-09-02,Coffee,11.12
C0547,2026-05-08,Coffee,8.88
C0547,2026-03-16,Tea,8.85
C0547,2025-12-26,Coffee,6.26
C0547,2026-02-15,Bakery,11.29
C0548,2025-11-11,Snacks,12.45
C0548,2026-01-21,Accessories,25.24
C0549,2026-05-09,Bakery,39.26
C0549,2025-10-26,Tea,27.16
C0549,2025-11-20,Bakery,17.94
C0549,2026-05-25,Snacks,25.88
C0549,2026-06-16,Accessories,28.55
C0550,2026-05-28,Coffee,33.39
C0550,2025-12-04,Accessories,29.6
C0550,2026-05-06,Bakery,23.05
C0550,2026-07-27,Coffee,46.43
C0550,2026-03-08,Coffee,37.36
C0550,2025-11-26,Bakery,72.78
C0550,2025-12-02,Snacks,72.27
C0550,2026-06-27,Coffee,39.37
C0550,2026-03-14,Snacks,71.75
C0551,2026-04-16,Coffee,20.76
C0551,2026-08-17,Accessories,14.83
C0551,2026-05-13,Coffee,11.74
C0551,2026-08-22,Coffee,20.62
C0551,2026-03-13,Coffee,6.18
C0551,2026-06-27,Coffee,17.87
C0551,2026-08-24,Bakery,12.93
C0551,2026-02-03,Coffee,18.34
C0552,2026-03-07,Coffee,6.89
C0552,2026-04-18,Snacks,4.97
C0552,2026-07-29,Bakery,9.33
C0552,2026-06-11,Coffee,12.22
C0552,2025-09-03,Coffee,6.67
C0553,2025-12-06,Coffee,5.64
C0553,2026-06-08,Accessories,4.75
C0553,2026-05-12,Snacks,6.38
C0553,2026-01-04,Snacks,9.24
C0553,2026-07-27,Tea,6.79
C0553,2026-06-27,Coffee,5.33
C0553,2026-03-21,Accessories,3.99
C0553,2026-05-02,Coffee,6.34
C0553,2026-04-03,Coffee,5.97
C0553,2026-03-28,Coffee,5.46
C0553,2026-08-12,Snacks,3.79
C0553,2026-02-26,Coffee,3.28
C0554,2026-06-28,Accessories,14.24
C0554,2026-07-09,Coffee,17.76
C0554,2026-04-01,Coffee,9.63
C0554,2026-07-12,Tea,11.4
C0554,2026-05-14,Tea,13.98
C0554,2026-05-13,Bakery,14.95
C0555,2026-07-09,Snacks,18.74
C0555,2025-11-12,Coffee,6.69
C0555,2025-12-30,Coffee,15.84
C0555,2026-03-26,Bakery,16.71
C0555,2026-03-30,Coffee,8.81
C0555,2026-04-13,Coffee,9.65
C0555,2026-07-02,Tea,8.32
C0555,2026-06-25,Tea,14.54
C0555,2026-02-17,Coffee,17.75
C0556,2026-08-25,Coffee,22.16
C0556,2025-09-29,Accessories,14.4
C0556,2026-02-01,Bakery,23.43
C0556,2026-08-12,Coffee,7.65
C0556,2025-11-11,Bakery,13.82
C0556,2026-03-07,Tea,21.83
C0556,2026-03-06,Coffee,14.05
C0556,2026-01-12,Coffee,18.55
C0557,2025-11-28,Bakery,24.4
C0557,2026-03-03,Snacks,20.53
C0557,2026-01-25,Coffee,23.85
C0557,2025-10-30,Bakery,14.22
C0557,2026-05-13,Snacks,32.4
C0557,2026-01-08,Bakery,24.93
C0557,2026-06-16,Bakery,22.25
C0557,2026-02-18,Bakery,35.79
C0557,2025-12-29,Bakery,38.48
C0558,2026-01-28,Tea,16.17
C0558,2026-08-17,Bakery,16.67
C0558,2026-08-02,Bakery,13.1
C0558,2026-06-30,Snacks,10.91
C0558,2025-11-06,Snacks,10.59
C0558,2026-03-07,Accessories,11.77
C0558,2025-10-24,Bakery,11.27
C0558,2025-10-22,Tea,13.19
C0558,2025-12-24,Bakery,6.13
C0559,2025-11-18,Snacks,46.4
C0559,2025-11-12,Snacks,44.64
C0559,2026-03-19,Tea,42.52
C0559,2026-04-28,Bakery,43
C0559,2026-02-22,Accessories,20.09
C0559,2026-03-21,Accessories,37.24
C0559,2026-04-20,Tea,12.31
C0560,2025-12-21,Snacks,3.79
C0560,2025-10-03,Coffee,4.55
C0561,2026-02-08,Tea,8.78
C0561,2026-01-04,Snacks,6.93
C0561,2026-03-16,Coffee,6.28
C0561,2025-10-31,Tea,3.88
C0561,2026-01-10,Accessories,6.4
C0561,2025-11-10,Tea,11.79
C0561,2025-09-17,Accessories,9.78
C0562,2026-02-05,Accessories,55.16
C0562,2026-02-15,Bakery,58.13
C0562,2026-05-17,Tea,52.64
C0562,2026-07-12,Coffee,37.37
C0562,2025-12-17,Coffee,41.06
C0562,2026-01-07,Bakery,17.67
C0563,2025-10-16,Snacks,20.7
C0563,2026-08-07,Tea,18.63
C0563,2025-12-10,Snacks,18.43
C0563,2026-06-22,Snacks,20.88
C0563,2026-06-20,Snacks,6.4
C0564,2025-10-05,Accessories,10.08
C0564,2025-09-10,Accessories,21.02
C0564,2026-06-11,Bakery,13.55
C0564,2026-05-25,Coffee,15.57
C0564,2026-06-06,Bakery,21.95
C0564,2026-08-03,Coffee,8.48
C0564,2026-02-21,Tea,6.46
C0564,2026-05-07,Coffee,13.82
C0564,2026-08-04,Bakery,19
C0565,2026-06-06,Accessories,43.47
C0565,2025-11-23,Bakery,29.57
C0565,2026-06-28,Snacks,49.93
C0565,2025-10-03,Tea,46.5
C0565,2025-09-27,Coffee,12.73
C0565,2026-08-20,Tea,43.38
C0565,2026-01-09,Coffee,11.99
C0566,2026-01-18,Bakery,58.6
C0566,2026-08-18,Accessories,17.11
C0566,2026-01-27,Tea,35.12
C0566,2026-05-24,Snacks,40.27
C0566,2026-08-07,Coffee,17.37
C0566,2025-09-18,Tea,15.59
C0567,2026-03-13,Coffee,6.14
C0567,2026-06-12,Coffee,4.35
C0567,2025-11-04,Tea,7.51
C0567,2025-11-08,Coffee,4.63
C0567,2026-02-25,Bakery,2.13
C0568,2026-08-28,Tea,11.47
C0568,2026-05-27,Tea,21.99
C0568,2026-08-11,Tea,10.84
C0568,2026-07-01,Coffee,18.91
C0568,2026-02-12,Bakery,18.7
C0568,2025-11-13,Tea,21.77
C0568,2025-10-02,Snacks,18.7
C0568,2025-12-05,Accessories,10.33
C0568,2026-07-03,Coffee,18.96
C0568,2026-05-28,Coffee,14.28
C0569,2026-08-05,Tea,56.45
C0569,2025-09-09,Tea,39.24
C0569,2025-09-13,Tea,42.98
C0569,2026-04-13,Tea,58.76
C0569,2025-10-29,Snacks,31.63
C0569,2026-01-24,Tea,67.56
C0569,2025-12-07,Accessories,56.98
C0569,2026-07-03,Snacks,60.79
C0569,2026-06-18,Accessories,53
C0570,2026-02-15,Coffee,3.97
C0570,2025-09-27,Coffee,2.59
C0570,2026-01-07,Bakery,6.8
C0570,2026-03-03,Bakery,4.18
C0570,2025-10-13,Coffee,6.12
C0570,2026-02-13,Accessories,3.38
C0570,2025-10-14,Coffee,5.35
C0570,2025-10-14,Bakery,5
C0570,2026-07-02,Snacks,2.9
C0570,2026-01-26,Accessories,2.4
C0570,2025-11-25,Bakery,8.13
C0571,2026-04-05,Tea,14.22
C0571,2026-06-28,Coffee,11.76
C0571,2026-06-30,Snacks,12.8
C0571,2026-06-07,Coffee,16.3
C0571,2026-07-05,Coffee,15.83
C0571,2026-08-12,Coffee,8.97
C0571,2026-03-12,Tea,21.22
C0571,2025-11-02,Coffee,6.92
C0571,2026-06-04,Snacks,18.7
C0571,2026-04-27,Coffee,6.2
C0571,2026-02-20,Coffee,10.06
C0572,2026-01-07,Snacks,9.19
C0572,2026-03-10,Accessories,4.9
C0572,2026-06-20,Tea,12.69
C0572,2026-05-11,Tea,4.11
C0572,2026-02-14,Tea,11.09
C0572,2025-09-15,Tea,11.73
C0572,2026-03-10,Coffee,9.29
C0572,2026-05-05,Snacks,5.03
C0572,2026-05-18,Accessories,11.49
C0573,2026-01-26,Snacks,51.62
C0573,2026-01-22,Bakery,39.13
C0573,2025-12-09,Snacks,34.85
C0573,2026-04-14,Bakery,22.04
C0573,2026-07-11,Coffee,32.74
C0573,2026-07-31,Tea,20.68
C0573,2026-05-15,Accessories,25.97
C0573,2026-03-18,Tea,51.87
C0574,2026-04-18,Bakery,15.09
C0574,2025-12-15,Coffee,7.12
C0574,2026-04-18,Coffee,7.24
C0574,2025-11-20,Coffee,17.77
C0574,2025-09-28,Tea,10.74
C0574,2025-11-12,Tea,17.26
C0575,2025-10-31,Snacks,8.02
C0575,2026-07-16,Coffee,3.31
C0576,2026-07-28,Coffee,27.07
C0576,2026-04-19,Tea,23.38
C0576,2025-12-22,Bakery,29.49
C0576,2026-03-24,Snacks,27.81
C0576,2025-10-27,Coffee,14.31
C0577,2026-01-09,Bakery,25.47
C0577,2025-09-07,Coffee,17.57
C0577,2026-04-12,Coffee,17.44
C0577,2026-06-06,Snacks,31.71
C0577,2026-07-19,Snacks,32.74
C0577,2026-04-14,Bakery,39.42
C0577,2026-01-17,Coffee,35.69
C0577,2026-02-15,Coffee,30.14
C0577,2026-07-13,Coffee,31.2
C0577,2025-12-23,Coffee,14.3
C0578,2026-01-16,Tea,14.62
C0578,2026-03-13,Accessories,23.05
C0578,2026-01-19,Coffee,13.91
C0578,2026-01-03,Accessories,24.44
C0579,2026-03-30,Accessories,14.49
C0579,2025-12-27,Bakery,13.37
C0579,2025-11-28,Tea,6.17
C0579,2026-01-29,Coffee,6.65
C0579,2026-04-05,Tea,5.68
C0579,2025-09-23,Bakery,8.63
C0579,2026-08-04,Snacks,5.15
C0579,2026-07-18,Bakery,8.59
C0579,2026-08-09,Accessories,5.12
C0579,2026-07-07,Bakery,13.45
C0580,2026-02-28,Coffee,38.66
C0580,2025-12-29,Tea,35.38
C0580,2026-05-16,Coffee,31.9
C0580,2026-07-01,Coffee,51.89
C0580,2026-02-11,Tea,57.8
C0580,2026-04-30,Tea,37.48
C0580,2025-12-19,Snacks,38.84
C0580,2025-11-13,Accessories,19.78
C0580,2025-11-22,Tea,20.43
C0581,2026-03-29,Snacks,50.88
C0581,2025-09-06,Snacks,67.36
C0581,2025-12-04,Accessories,33.22
C0581,2026-02-06,Coffee,21.42
C0581,2025-10-16,Accessories,31.05
C0582,2026-03-07,Tea,41.24
C0582,2026-02-21,Snacks,26.13
C0582,2026-02-14,Snacks,33.98
C0582,2026-03-01,Bakery,36.73
C0583,2026-02-06,Coffee,13.19
C0583,2026-02-02,Coffee,10.54
C0583,2026-04-01,Coffee,23.2
C0583,2026-05-29,Bakery,21.4
C0583,2025-09-08,Coffee,14.7
C0583,2026-01-26,Coffee,14.62
C0583,2026-02-24,Coffee,22.41
C0584,2026-08-17,Coffee,20.63
C0584,2025-10-21,Bakery,17.39
C0584,2025-09-19,Snacks,13.17
C0584,2026-04-01,Coffee,10.97
C0585,2025-09-28,Bakery,25.5
C0585,2026-01-29,Coffee,30.6
C0585,2026-06-30,Coffee,13.56
C0585,2025-12-18,Coffee,26.87
C0585,2026-05-29,Bakery,17.28
C0585,2026-08-14,Coffee,31.67
C0585,2026-01-29,Accessories,17.24
C0585,2025-09-15,Coffee,34.5
C0585,2026-08-08,Coffee,13.65
C0586,2025-09-30,Coffee,21.24
C0586,2026-05-07,Tea,11.6
C0586,2026-06-02,Coffee,16.74
C0586,2025-12-14,Accessories,19.6
C0586,2025-09-11,Snacks,28.15
C0586,2026-05-08,Snacks,26.9
C0586,2025-10-26,Tea,9.86
C0586,2026-03-17,Snacks,19.51
C0586,2026-07-11,Snacks,23.95
C0587,2025-11-16,Snacks,23.83
C0587,2025-12-20,Tea,27.5
C0587,2026-04-13,Tea,32.04
C0587,2025-10-14,Accessories,35.73
C0587,2026-08-21,Tea,48.72
C0587,2026-04-09,Tea,49.75
C0587,2025-09-23,Snacks,34.21
C0587,2025-10-20,Coffee,49.49
C0587,2026-06-19,Accessories,48.91
C0587,2026-03-20,Snacks,40.03
C0587,2025-09-07,Snacks,15.63
C0587,2026-05-18,Accessories,30.55
C0588,2025-11-10,Coffee,16.79
C0588,2025-10-31,Tea,18.29
C0588,2025-10-16,Coffee,20.47
C0588,2025-10-29,Snacks,22.89
C0588,2026-01-17,Tea,18.26
C0588,2026-04-10,Accessories,9.94
C0588,2025-11-13,Snacks,12.58
C0588,2026-02-19,Coffee,20.8
C0588,2026-01-25,Snacks,22.42
C0589,2025-12-10,Snacks,26.54
C0589,2026-01-22,Coffee,6.1
C0589,2025-09-20,Accessories,7.74
C0589,2026-03-31,Coffee,19.69
C0589,2026-07-18,Coffee,8.79
C0589,2026-03-13,Coffee,6.44
C0589,2026-05-17,Tea,17.57
C0589,2026-05-24,Coffee,20.03
C0589,2026-04-15,Tea,11.22
C0589,2026-08-29,Bakery,25.76
C0589,2025-11-25,Coffee,7.14
C0589,2026-02-05,Coffee,15.64
C0590,2025-10-13,Accessories,38.22
C0590,2025-10-18,Bakery,37.16
C0590,2026-07-22,Tea,38.72
C0590,2025-10-20,Bakery,25.46
C0590,2026-08-07,Bakery,19.31
C0590,2026-01-27,Bakery,20.39
C0590,2026-07-03,Tea,29.91
C0590,2026-03-26,Coffee,14.86
C0591,2026-07-19,Bakery,26.4
C0591,2026-04-03,Accessories,19.9
C0591,2026-04-11,Bakery,7.42
C0591,2026-07-26,Coffee,12.45
C0591,2026-03-27,Coffee,21.2
C0592,2025-11-07,Bakery,18.8
C0593,2025-12-21,Snacks,11.35
C0593,2026-05-06,Tea,8.04
C0593,2025-09-02,Accessories,6.57
C0593,2026-08-03,Tea,20.96
C0593,2025-11-28,Bakery,10.07
C0593,2025-10-02,Tea,13.46
C0593,2026-06-27,Accessories,11.61
C0593,2026-06-20,Bakery,22.48
C0593,2025-09-06,Accessories,24.1
C0593,2026-08-13,Tea,13.8
C0594,2026-01-05,Coffee,5.56
C0594,2026-08-29,Tea,9.86
C0594,2025-10-27,Accessories,15.03
C0594,2025-10-28,Coffee,8.42
C0594,2026-01-30,Coffee,9.25
C0594,2026-08-19,Snacks,6.59
C0594,2026-04-12,Coffee,8.84
C0594,2025-12-05,Coffee,12.25
C0595,2026-05-25,Coffee,3.6
C0595,2026-06-14,Coffee,4.21
C0595,2026-08-18,Snacks,12.55
C0595,2025-12-18,Tea,7.75
C0595,2026-03-23,Coffee,3.59
C0595,2026-07-14,Snacks,14.61
C0595,2026-05-06,Tea,11.91
C0595,2025-10-15,Accessories,8.85
C0595,2025-10-06,Tea,11.75
C0596,2025-11-28,Tea,46.88
C0596,2026-06-19,Bakery,44.74
C0596,2026-03-30,Accessories,17.99
C0596,2025-10-08,Bakery,50.1
C0596,2026-06-20,Snacks,54.02
C0596,2025-09-16,Tea,41.46
C0596,2025-09-08,Tea,50.75
C0596,2025-11-17,Coffee,41.23
C0596,2026-02-10,Coffee,37.05
C0596,2025-12-16,Tea,57.58
C0597,2025-11-22,Coffee,10.48
C0597,2026-02-08,Snacks,5
C0597,2026-05-12,Snacks,12.89
C0597,2026-04-28,Coffee,6.11
C0597,2025-11-08,Coffee,8.41
C0597,2025-12-31,Snacks,9.07
C0597,2026-05-15,Tea,6.52
C0597,2025-12-25,Coffee,11.68
C0597,2026-08-04,Tea,13.55
C0597,2026-02-24,Accessories,5.82
C0598,2026-01-23,Coffee,3.68
C0598,2026-07-30,Bakery,9.14
C0598,2026-03-19,Coffee,10.17
C0598,2025-10-14,Bakery,7.6
C0598,2025-09-20,Bakery,13.47
C0598,2026-01-14,Coffee,7.45
C0598,2025-09-16,Snacks,9.57
C0598,2026-08-25,Coffee,8.27
C0598,2025-12-14,Coffee,5.38
C0599,2025-12-07,Tea,28.06
C0599,2026-03-04,Snacks,22.99
C0599,2026-06-21,Coffee,12.68
C0599,2025-11-25,Accessories,44.44
C0599,2025-11-08,Coffee,12.23
C0600,2026-05-24,Accessories,14.44
C0600,2025-09-01,Accessories,9.4
C0600,2026-04-29,Accessories,10.87
C0600,2025-09-02,Snacks,33.07
C0601,2026-04-12,Accessories,14.56
C0601,2025-10-23,Snacks,15.63
C0601,2025-12-07,Tea,24.41
C0601,2025-12-08,Bakery,27.23
C0601,2026-04-19,Accessories,17.16
C0601,2026-06-06,Tea,23.79
C0601,2026-06-05,Coffee,11.89
C0601,2026-08-24,Snacks,16.98
C0601,2026-08-03,Snacks,21.5
C0601,2026-01-06,Accessories,20.79
C0601,2026-05-06,Snacks,23.95
C0601,2025-12-08,Coffee,17.4
C0602,2026-03-27,Coffee,13.49
C0602,2026-06-08,Accessories,5.5
C0602,2026-01-25,Tea,12.34
C0602,2026-01-23,Coffee,6.36
C0602,2025-10-11,Snacks,9.5
C0602,2026-07-08,Bakery,6.82
C0603,2025-11-21,Accessories,10.33
C0603,2026-02-26,Snacks,5.67
C0603,2026-01-07,Bakery,13.52
C0603,2026-03-20,Accessories,16.82
C0603,2026-07-11,Bakery,11.88
C0603,2026-02-17,Snacks,6.35
C0603,2026-07-09,Coffee,5.3
C0603,2026-01-06,Snacks,6.84
C0603,2025-10-03,Coffee,11.25
C0604,2025-12-04,Coffee,4.87
C0604,2026-05-14,Bakery,7.55
C0604,2025-11-28,Bakery,5.74
C0604,2026-06-10,Tea,8.93
C0604,2026-05-19,Tea,6.62
C0604,2025-11-19,Tea,7.69
C0604,2026-03-04,Coffee,4.13
C0604,2026-03-26,Accessories,7.31
C0605,2026-02-01,Tea,6.35
C0605,2025-11-04,Snacks,14.74
C0605,2026-02-16,Snacks,13.6
C0605,2026-03-07,Coffee,12.59
C0605,2026-05-21,Snacks,10.78
C0605,2025-10-26,Coffee,15.96
C0605,2026-06-21,Accessories,17.06
C0605,2026-03-04,Snacks,5.81
C0605,2025-11-28,Coffee,10
C0605,2025-12-15,Bakery,8.5
C0606,2026-05-29,Coffee,20.17
C0606,2026-02-10,Tea,46.41
C0606,2026-08-20,Bakery,42.61
C0606,2025-12-10,Accessories,22.88
C0606,2026-06-19,Tea,53.03
C0606,2025-10-16,Bakery,44.59
C0606,2026-08-18,Accessories,48.72
C0606,2025-10-06,Tea,46.76
C0607,2025-11-07,Tea,38.15
C0607,2026-05-24,Accessories,35.12
C0607,2026-05-27,Coffee,30.64
C0607,2026-01-18,Accessories,26.94
C0607,2026-02-15,Accessories,19.25
C0607,2026-02-26,Bakery,17.72
C0607,2026-05-16,Coffee,39.77
C0607,2026-08-07,Tea,27.31
C0607,2025-11-21,Coffee,24.16
C0607,2025-10-14,Snacks,29.34
C0607,2026-04-04,Bakery,23.94
C0607,2026-06-27,Coffee,30.42
C0608,2025-10-31,Coffee,6.45
C0608,2025-09-08,Accessories,7.08
C0608,2025-10-08,Snacks,8.85
C0608,2026-07-04,Snacks,11.86
C0608,2026-01-28,Bakery,9.37
C0608,2026-07-05,Coffee,7.99
C0608,2026-03-19,Tea,13.72
C0609,2026-06-18,Bakery,29.13
C0609,2025-12-04,Accessories,21.22
C0609,2026-01-23,Coffee,7.29
C0609,2026-03-28,Snacks,9.74
C0609,2025-11-02,Snacks,23.94
C0610,2025-11-27,Accessories,43.51
C0610,2025-12-02,Coffee,34.94
C0610,2026-07-20,Tea,16.42
C0610,2026-07-16,Snacks,58.08
C0610,2025-11-17,Tea,54.53
C0610,2025-09-28,Snacks,47.45
C0610,2026-01-06,Coffee,20.24
C0610,2026-03-27,Tea,44.1
C0611,2025-09-12,Accessories,5.5
C0611,2026-04-09,Snacks,5.14
C0611,2026-08-28,Snacks,6.82
C0611,2025-12-01,Bakery,10.22
C0612,2025-11-28,Snacks,11.22
C0612,2025-09-30,Tea,11.19
C0612,2026-03-26,Accessories,24.6
C0612,2025-11-20,Accessories,12.41
C0612,2025-10-20,Coffee,11.89
C0612,2026-02-10,Snacks,22.8
C0612,2026-07-30,Accessories,21.96
C0612,2026-06-05,Snacks,22.78
C0612,2025-12-30,Accessories,12.01
C0612,2026-03-03,Coffee,6.09
C0612,2026-08-03,Bakery,17.55
C0613,2026-07-08,Bakery,26.21
C0613,2026-01-23,Accessories,44.83
C0613,2025-09-07,Tea,31.96
C0613,2025-11-04,Coffee,30.46
C0613,2025-11-15,Coffee,27.42
C0613,2025-12-03,Snacks,15.97
C0613,2026-08-10,Bakery,29.17
C0613,2025-12-02,Coffee,18.4
C0613,2026-07-22,Snacks,35.99
C0614,2026-07-26,Snacks,51.3
C0614,2026-07-13,Accessories,25.74
C0614,2026-03-13,Accessories,31.98
C0614,2026-06-16,Coffee,26.28
C0614,2025-10-02,Coffee,40.68
C0614,2025-12-03,Tea,36.15
C0614,2026-04-01,Bakery,54.36
C0614,2025-10-12,Bakery,48.96
C0614,2026-07-30,Coffee,46.26
C0615,2026-06-05,Coffee,19.13
C0615,2026-01-01,Coffee,33.21
C0615,2025-09-04,Bakery,29.91
C0615,2025-10-29,Accessories,44.64
C0615,2026-02-06,Bakery,44.58
C0615,2025-09-22,Coffee,28.59
C0615,2026-01-12,Tea,21.92
C0615,2025-12-21,Coffee,28.05
C0616,2026-01-08,Tea,14
C0616,2026-05-10,Coffee,12.14
C0616,2025-11-23,Tea,10.08
C0616,2026-03-03,Tea,6.01
C0616,2025-10-10,Tea,6.63
C0616,2025-10-06,Snacks,4.92
C0616,2026-07-08,Coffee,11.72
C0617,2025-09-23,Accessories,34.97
C0617,2025-11-07,Coffee,13.94
C0617,2026-02-03,Coffee,13.96
C0617,2026-05-14,Snacks,22.2
C0617,2025-12-25,Accessories,13.23
C0617,2026-04-26,Snacks,15.05
C0617,2026-04-17,Coffee,18.98
C0617,2026-01-30,Bakery,20.65
C0617,2025-12-07,Tea,36.49
C0617,2026-04-30,Coffee,19.93
C0617,2025-09-16,Coffee,24.03
C0617,2025-12-25,Coffee,19.05
C0618,2026-01-04,Accessories,4.91
C0618,2026-03-13,Tea,6.49
C0618,2026-04-24,Bakery,5.33
C0619,2025-10-14,Snacks,27.15
C0619,2026-07-08,Coffee,18.17
C0619,2025-12-29,Tea,9.09
C0619,2026-07-12,Snacks,23.76
C0619,2025-12-04,Coffee,23.49
C0619,2026-07-14,Coffee,6.82
C0619,2026-07-07,Tea,14.85
C0620,2025-12-01,Bakery,4.25
C0620,2025-12-21,Snacks,5.63
C0620,2026-02-27,Tea,7.68
C0621,2026-03-29,Accessories,4.8
C0621,2026-07-13,Coffee,7.77
C0621,2026-02-18,Tea,8.89
C0621,2026-05-08,Accessories,9.45
C0621,2025-10-12,Bakery,10.63
C0621,2026-06-20,Bakery,6.56
C0621,2026-01-25,Accessories,9.12
C0622,2026-05-22,Bakery,16.03
C0622,2026-03-20,Accessories,18.3
C0622,2026-06-23,Snacks,26.49
C0622,2026-08-25,Accessories,11.15
C0622,2026-05-12,Bakery,26
C0622,2025-11-02,Coffee,13.41
C0622,2026-08-01,Accessories,24.65
C0623,2025-09-07,Tea,5.88
C0623,2026-08-09,Tea,11.5
C0623,2025-10-28,Tea,9.62
C0623,2026-04-30,Tea,20.42
C0623,2025-09-12,Snacks,7.74
C0623,2026-01-17,Snacks,12.01
C0623,2026-05-14,Snacks,18.65
C0623,2026-03-30,Coffee,16.07
C0623,2026-02-07,Snacks,20.6
C0624,2025-09-25,Snacks,47.86
C0624,2026-04-07,Snacks,24.01
C0624,2026-04-21,Snacks,28.54
C0624,2025-10-08,Tea,20.86
C0624,2026-03-24,Coffee,41.13
C0624,2025-11-30,Coffee,29.86
C0624,2026-06-21,Accessories,49.96
C0624,2026-06-03,Snacks,20.59
C0624,2025-11-21,Accessories,33.86
C0624,2025-11-07,Bakery,30.28
C0625,2025-09-04,Coffee,7.57
C0625,2025-10-08,Coffee,21.34
C0625,2026-02-06,Tea,16.15
C0625,2026-04-02,Coffee,10.98
C0625,2025-11-28,Bakery,26.24
C0625,2025-10-17,Accessories,24.07
C0625,2026-01-22,Tea,10.58
C0625,2025-12-31,Bakery,22.47
C0625,2026-04-06,Bakery,16.17
C0625,2026-08-03,Bakery,25.83
C0625,2026-06-15,Snacks,21.8
C0626,2025-09-03,Accessories,12.08
C0626,2026-04-23,Coffee,20.52
C0626,2026-01-16,Snacks,23.17
C0626,2026-02-20,Snacks,15.47
C0626,2025-12-01,Accessories,24.67
C0626,2026-08-24,Bakery,23.96
C0626,2026-01-22,Bakery,9.34
C0627,2026-08-13,Bakery,4.05
C0627,2025-09-09,Bakery,4.63
C0627,2026-01-11,Bakery,3.56
C0628,2026-06-09,Snacks,8.37
C0628,2026-04-27,Tea,14.97
C0628,2026-06-30,Snacks,11.75
C0628,2025-09-07,Tea,7.28
C0628,2026-04-14,Snacks,5.94
C0628,2025-11-18,Coffee,8.5
C0628,2025-10-19,Snacks,5.82
C0629,2026-03-01,Accessories,56.21
C0629,2026-08-12,Tea,33.99
C0629,2025-12-31,Bakery,20.55
C0629,2026-04-22,Bakery,25.06
C0629,2025-09-21,Accessories,28.7
C0629,2026-08-19,Snacks,58.03
C0629,2025-09-23,Accessories,57.83
C0629,2026-06-19,Accessories,24.45
C0629,2025-11-22,Tea,59.49
C0629,2025-12-16,Accessories,42.73
C0630,2026-08-06,Tea,11.01
C0630,2026-08-12,Accessories,11.43
C0630,2026-05-30,Accessories,7.71
C0630,2025-11-07,Accessories,4.72
C0630,2025-10-22,Snacks,6.99
C0630,2026-02-21,Snacks,8.56
C0630,2025-09-19,Bakery,5.12
C0630,2026-07-06,Coffee,7.83
C0631,2025-09-15,Tea,5.84
C0631,2026-03-16,Coffee,5.91
C0631,2026-07-02,Coffee,5.56
C0632,2025-12-11,Coffee,8.41
C0632,2026-05-07,Coffee,6.83
C0632,2026-02-14,Snacks,3.04
C0632,2026-05-10,Tea,3.36
C0632,2025-11-27,Tea,8.08
C0632,2025-10-22,Snacks,4.8
C0632,2026-01-13,Accessories,7.36
C0632,2025-09-28,Tea,3.14
C0632,2026-01-12,Bakery,5.97
C0633,2026-08-06,Bakery,33.19
C0633,2026-05-24,Accessories,14.76
C0633,2026-05-19,Snacks,19.21
C0633,2026-05-20,Tea,21.57
C0633,2026-04-27,Snacks,14.58
C0633,2025-11-26,Accessories,39.29
C0634,2025-10-26,Accessories,29.71
C0634,2025-11-29,Accessories,16.07
C0634,2026-07-12,Coffee,13.93
C0634,2025-12-31,Coffee,12.47
C0635,2025-10-30,Coffee,8.06
C0635,2026-04-02,Tea,15.31
C0635,2026-05-03,Tea,5.01
C0635,2025-09-10,Coffee,14.8
C0636,2026-07-06,Tea,7.32
C0636,2026-04-05,Tea,7.37
C0636,2025-12-15,Bakery,13.89
C0636,2026-06-24,Bakery,15.7
C0636,2025-11-16,Coffee,8.91
C0636,2026-05-04,Coffee,15.86
C0637,2026-01-13,Coffee,18.56
C0637,2025-11-28,Bakery,23.11
C0637,2026-08-19,Accessories,14.29
C0637,2026-07-21,Accessories,21.6
C0637,2026-01-29,Accessories,13.08
C0637,2026-04-09,Bakery,23.33
C0637,2026-08-06,Coffee,14.9
C0637,2025-09-01,Snacks,10.04
C0637,2025-10-22,Snacks,18.53
C0638,2025-09-21,Coffee,3.21
C0638,2025-11-05,Coffee,9.79
C0638,2026-01-11,Snacks,8.33
C0638,2025-10-06,Snacks,6
C0638,2025-10-11,Snacks,9.03
C0638,2025-12-09,Bakery,5.17
C0638,2026-07-24,Coffee,6.29
C0639,2026-01-27,Accessories,10.78
C0639,2026-04-01,Accessories,11.03
C0639,2026-03-19,Accessories,13.3
C0639,2025-12-26,Accessories,4.91
C0639,2026-07-02,Accessories,4.36
C0639,2025-12-07,Snacks,6.14
C0639,2025-11-17,Coffee,9.58
C0639,2025-10-09,Snacks,13.25
C0639,2026-08-09,Accessories,4.22
C0640,2026-08-14,Bakery,31.04
C0640,2026-06-17,Tea,22.1
C0640,2026-06-23,Coffee,26.47
C0640,2025-10-17,Coffee,32.52
C0640,2026-03-09,Bakery,13.99
C0640,2025-12-16,Bakery,21.73
C0641,2026-05-07,Bakery,12.03
C0641,2026-01-02,Bakery,14.52
C0641,2026-04-11,Bakery,4.98
C0641,2026-02-08,Accessories,4.2
C0641,2026-03-01,Bakery,6.9
C0641,2026-04-01,Coffee,6.01
C0641,2026-01-24,Bakery,6.05
C0642,2026-04-29,Coffee,13
C0642,2026-07-10,Tea,35.4
C0642,2026-05-15,Tea,11.69
C0642,2026-03-13,Accessories,26.62
C0642,2026-04-23,Coffee,16.73
C0642,2026-04-30,Snacks,37.62
C0643,2026-02-21,Snacks,28.91
C0643,2026-07-09,Bakery,29.39
C0643,2026-06-03,Snacks,16.93
C0643,2025-11-28,Accessories,19.38
C0643,2025-11-30,Snacks,18.86
C0644,2026-08-10,Snacks,18.05
C0644,2025-10-09,Snacks,16.21
C0644,2026-02-16,Snacks,9.27
C0644,2025-11-14,Tea,15.44
C0644,2026-05-25,Tea,13.8
C0644,2026-04-07,Accessories,19.76
C0644,2026-07-31,Snacks,9.47
C0644,2025-11-02,Accessories,17.92
C0645,2026-04-17,Coffee,8.55
C0645,2026-06-21,Coffee,15.56
C0645,2026-04-09,Coffee,30.19
C0645,2026-07-24,Accessories,29.04
C0645,2026-06-23,Bakery,10.44
C0645,2025-12-14,Accessories,34.98
C0646,2026-04-20,Coffee,13.65
C0646,2026-08-06,Coffee,10.11
C0646,2026-01-22,Accessories,21.82
C0646,2026-01-06,Tea,15.65
C0646,2026-02-07,Tea,21.55
C0646,2025-09-12,Coffee,8.97
C0646,2026-07-30,Accessories,23.5
C0647,2025-10-11,Snacks,24.75
C0647,2026-04-04,Accessories,9.79
C0647,2026-06-13,Coffee,27.99
C0647,2026-02-03,Tea,31.19
C0647,2026-02-19,Coffee,8.29
C0647,2025-12-03,Accessories,13.65
C0648,2025-09-10,Accessories,6.96
C0648,2026-08-08,Bakery,6.11
C0648,2025-10-29,Bakery,13.72
C0648,2025-09-29,Accessories,12.5
C0648,2026-05-09,Accessories,13.07
C0648,2026-06-02,Accessories,13.84
C0649,2025-11-27,Bakery,27.87
C0649,2025-12-11,Bakery,16.25
C0649,2026-05-21,Bakery,23.13
C0649,2025-12-26,Snacks,10.97
C0649,2025-09-20,Accessories,24.88
C0649,2026-03-05,Tea,8.09
C0649,2026-07-05,Bakery,22.36
C0649,2026-06-22,Tea,19.71
C0650,2026-04-06,Snacks,14.36
C0650,2026-04-02,Accessories,12.56
C0650,2026-06-16,Coffee,18.03
C0650,2026-03-12,Tea,17.03
C0650,2026-02-15,Coffee,23.28
C0650,2026-08-06,Accessories,10.25
C0650,2025-10-01,Bakery,7.37
C0650,2026-04-12,Snacks,25.61
C0650,2026-01-05,Accessories,23.12
C0651,2026-06-17,Coffee,19.63
C0651,2026-04-11,Snacks,26.28
C0651,2026-04-02,Coffee,28.06
C0651,2025-09-29,Accessories,35.06
C0651,2026-07-31,Coffee,8.63
C0651,2026-04-15,Accessories,18.88
C0651,2026-01-25,Accessories,34.17
C0651,2025-12-23,Tea,16.48
C0652,2026-05-30,Tea,14
C0652,2026-06-22,Coffee,23.9
C0652,2026-08-31,Bakery,30.98
C0652,2026-01-16,Accessories,19.56
C0652,2025-10-07,Coffee,14.74
C0652,2025-10-27,Bakery,26.42
C0652,2026-08-06,Coffee,22.12
C0652,2026-02-21,Coffee,15.77
C0652,2026-07-24,Coffee,13.08
C0653,2026-05-07,Tea,32.1
C0653,2025-09-17,Tea,23.19
C0653,2025-09-10,Bakery,18.36
C0653,2026-05-17,Bakery,27.85
C0654,2026-04-21,Coffee,10.48
C0654,2026-03-31,Snacks,15.04
C0654,2025-10-11,Coffee,10.82
C0654,2026-07-01,Tea,8.47
C0654,2026-05-08,Bakery,17.77
C0654,2026-04-04,Bakery,6.84
C0654,2026-05-07,Tea,12.27
C0654,2026-06-20,Tea,16.3
C0654,2026-01-08,Bakery,10.85
C0654,2025-09-08,Tea,13.17
C0655,2026-02-01,Accessories,31.7
C0655,2026-01-24,Coffee,27.13
C0655,2026-01-17,Bakery,26.35
C0655,2025-10-27,Coffee,29.18
C0655,2025-09-23,Coffee,29.21
C0655,2025-11-09,Accessories,26.94
C0655,2026-02-26,Bakery,21.24
C0656,2026-05-30,Coffee,20.9
C0656,2025-09-19,Bakery,16.48
C0656,2026-07-25,Coffee,15.29
C0656,2026-04-29,Coffee,19.46
C0656,2026-02-07,Accessories,10.94
C0656,2026-03-12,Coffee,15.05
C0656,2025-10-16,Accessories,15.12
C0657,2025-10-02,Accessories,15.61
C0657,2025-12-27,Snacks,16.21
C0657,2026-05-31,Accessories,28.91
C0657,2026-04-12,Accessories,29.79
C0657,2026-06-17,Coffee,31.54
C0658,2026-02-24,Tea,12.6
C0658,2026-04-29,Coffee,18.17
C0658,2026-04-15,Accessories,21.56
C0658,2026-08-12,Snacks,13.61
C0658,2026-06-09,Coffee,27.48
C0658,2026-08-21,Snacks,31.12
C0659,2025-10-08,Coffee,5.55
C0659,2025-12-26,Snacks,20.77
C0659,2026-05-27,Tea,10.6
C0659,2026-08-04,Tea,13.53
C0659,2025-12-10,Tea,12.92
C0659,2025-12-27,Tea,19.72
C0660,2026-05-07,Tea,9.57
C0660,2026-01-31,Snacks,6.64
C0660,2026-05-27,Tea,12.42
C0660,2025-12-25,Snacks,6.7
C0660,2026-06-20,Tea,8.72
C0660,2026-03-24,Tea,6.85
C0660,2026-07-21,Accessories,13.89
C0660,2026-06-16,Accessories,13.21
C0660,2025-11-04,Snacks,11.12
C0661,2025-12-06,Accessories,25.76
C0661,2025-10-27,Bakery,14.97
C0661,2026-02-07,Accessories,13.86
C0661,2026-06-01,Tea,29.63
C0661,2026-02-28,Snacks,21.58
C0661,2026-07-03,Snacks,15.54
C0661,2026-06-15,Tea,28.84
C0662,2026-02-21,Coffee,8.97
C0662,2026-08-09,Bakery,17.83
C0662,2026-05-21,Snacks,8.42
C0662,2026-07-22,Bakery,17.91
C0662,2025-10-10,Accessories,21.08
C0662,2026-05-23,Tea,20.18
C0662,2026-07-25,Accessories,15.73
C0662,2026-05-03,Snacks,10.07
C0662,2025-12-26,Bakery,11.79
C0663,2026-05-21,Bakery,3.54
C0663,2026-07-01,Coffee,8.75
C0663,2026-02-04,Coffee,6.84
C0663,2026-04-06,Coffee,2.89
C0663,2026-07-22,Coffee,4.99
C0663,2025-11-28,Coffee,4.25
C0663,2026-07-24,Tea,7.79
C0663,2026-04-09,Coffee,5.29
C0663,2025-10-07,Coffee,7.46
C0663,2026-07-02,Coffee,7.86
C0663,2026-05-11,Accessories,6.97
C0663,2025-12-11,Coffee,6.5
C0663,2026-02-26,Accessories,4.43
C0663,2025-12-26,Bakery,3.59
C0663,2026-06-15,Coffee,5.91
C0663,2025-09-25,Tea,5.06
C0663,2026-04-17,Accessories,11.31
C0664,2026-06-17,Coffee,2
C0664,2026-03-15,Bakery,6.43
C0664,2026-05-23,Tea,4.28
C0664,2026-04-23,Tea,3.91
C0664,2026-01-17,Snacks,2.85
C0665,2025-10-04,Accessories,16.41
C0665,2025-10-18,Tea,24.38
C0665,2025-09-03,Bakery,13.12
C0665,2026-04-25,Coffee,16.78
C0665,2026-08-03,Bakery,8.14
C0665,2026-03-15,Accessories,20.99
C0665,2025-09-08,Accessories,9.16
C0665,2026-04-26,Snacks,25.18
C0665,2026-04-09,Tea,18.19
C0665,2026-07-22,Tea,17.83
C0666,2026-04-15,Coffee,24.59
C0666,2025-10-05,Tea,11.74
C0666,2025-10-27,Accessories,24.76
C0666,2026-01-06,Snacks,8.28
C0666,2026-05-05,Accessories,25.84
C0666,2026-03-17,Tea,18.95
C0666,2025-09-29,Coffee,13.34
C0667,2026-02-24,Coffee,8.27
C0667,2026-02-15,Snacks,13.75
C0667,2026-02-20,Accessories,12.47
C0667,2026-01-18,Accessories,11.42
C0667,2026-05-27,Tea,8.01
C0667,2025-09-09,Coffee,12.06
C0667,2026-01-12,Bakery,15.04
C0667,2026-07-05,Bakery,17.8
C0667,2026-08-26,Coffee,7.93
C0667,2026-08-20,Coffee,7.79
C0668,2025-11-26,Snacks,12.95
C0668,2026-06-02,Bakery,6.56
C0668,2026-05-09,Coffee,8.26
C0668,2026-04-12,Tea,13.61
C0668,2025-10-16,Bakery,12.76
C0668,2026-02-09,Bakery,14.2
C0668,2026-03-22,Bakery,9.95
C0668,2026-05-05,Accessories,6.83
C0668,2026-03-23,Coffee,6.03
C0669,2026-07-02,Accessories,7.51
C0669,2026-05-27,Snacks,8.98
C0669,2025-11-09,Bakery,10.11
C0669,2025-11-07,Coffee,5.31
C0669,2025-10-11,Coffee,8.8
C0669,2026-07-27,Tea,8.89
C0669,2026-04-02,Coffee,4.42
C0669,2025-09-21,Coffee,7.36
C0669,2026-03-21,Tea,6.09
C0669,2026-07-28,Coffee,4.98
C0669,2026-03-03,Snacks,4.87
C0669,2025-11-08,Coffee,3.28
C0670,2026-07-14,Tea,49.23
C0670,2026-04-20,Accessories,59.7
C0670,2026-01-05,Tea,58.96
C0670,2026-01-12,Accessories,17.79
C0670,2026-08-02,Coffee,48.42
C0670,2025-09-04,Coffee,47.23
C0670,2025-09-14,Tea,21.53
C0670,2026-08-13,Accessories,21.52
C0671,2025-09-03,Accessories,23.2
C0671,2026-06-02,Tea,25.41
C0671,2025-10-28,Coffee,23.04
C0671,2026-05-16,Accessories,30.76
C0671,2025-10-18,Snacks,16.89
C0671,2025-11-17,Accessories,16.17
C0671,2026-02-17,Accessories,30.16
C0672,2026-03-26,Tea,66.36
C0672,2025-09-07,Bakery,59.73
C0672,2026-01-03,Accessories,65.62
C0672,2026-04-08,Accessories,60.4
C0673,2026-04-13,Tea,8.33
C0673,2026-03-05,Coffee,14.85
C0673,2026-04-05,Coffee,7.12
C0673,2026-02-19,Accessories,10.88
C0673,2026-01-02,Tea,7.99
C0674,2026-08-01,Bakery,10.87
C0674,2026-02-04,Coffee,10.78
C0674,2026-02-23,Tea,6.85
C0674,2026-05-13,Coffee,6.75
C0674,2025-11-27,Accessories,6.6
C0674,2026-05-16,Accessories,11.22
C0674,2026-05-03,Coffee,9.28
C0674,2026-08-09,Coffee,10.06
C0674,2026-07-04,Snacks,3.8
C0675,2026-06-25,Coffee,21.22
C0675,2026-05-13,Tea,10.58
C0675,2025-09-02,Accessories,22.22
C0675,2026-04-01,Accessories,17.34
C0675,2026-01-20,Coffee,15.54
C0675,2026-08-25,Accessories,25.02
C0675,2026-02-14,Bakery,22.74
C0676,2026-02-16,Snacks,13.93
C0676,2026-03-30,Accessories,11.35
C0676,2026-01-25,Tea,21.33
C0676,2026-08-04,Coffee,16.97
C0676,2026-05-13,Tea,21.6
C0676,2026-08-25,Coffee,18.97
C0676,2026-03-05,Coffee,5.88
C0677,2026-06-08,Coffee,22.08
C0677,2025-09-06,Coffee,12.77
C0677,2025-11-01,Tea,11.69
C0677,2025-10-16,Accessories,25.48
C0678,2026-05-27,Bakery,12.47
C0678,2026-04-14,Snacks,8.86
C0678,2026-01-16,Tea,12.86
C0678,2025-10-14,Accessories,8.93
C0678,2025-11-05,Coffee,10.89
C0678,2026-01-27,Accessories,12
C0678,2025-09-13,Accessories,9.83
C0679,2026-03-09,Coffee,13.45
C0679,2025-09-13,Accessories,14.92
C0679,2026-05-11,Snacks,21.41
C0679,2026-05-21,Coffee,22.05
C0679,2025-10-30,Coffee,29.56
C0679,2025-10-18,Coffee,38.88
C0679,2026-04-06,Accessories,30.63
C0679,2025-11-21,Coffee,34.45
C0679,2026-01-01,Coffee,35.01
C0679,2025-09-22,Accessories,49.57
C0679,2025-10-25,Coffee,39.27
C0679,2026-08-12,Bakery,21.55
C0680,2026-06-23,Accessories,16.84
C0680,2026-02-03,Coffee,22.84
C0680,2025-11-14,Snacks,27.33
C0680,2025-09-21,Snacks,28.13
C0680,2026-02-20,Tea,24.61
C0680,2025-11-07,Bakery,17.49
C0680,2026-03-21,Bakery,20.82
C0680,2026-07-19,Accessories,20.33
C0680,2026-03-28,Tea,13.68
C0681,2025-12-05,Snacks,31.02
C0681,2025-11-12,Coffee,14.28
C0681,2025-09-25,Tea,12.41
C0681,2025-12-18,Coffee,15.68
C0682,2025-12-05,Tea,27.15
C0682,2025-11-11,Snacks,15.97
C0682,2025-11-02,Coffee,12.21
C0682,2025-12-11,Tea,18.79
C0682,2025-12-30,Coffee,9.47
C0682,2025-10-31,Accessories,17.19
C0683,2026-03-20,Tea,15.61
C0683,2026-04-07,Bakery,12.71
C0683,2026-05-28,Coffee,8.86
C0683,2026-04-22,Coffee,7.29
C0683,2025-10-07,Coffee,11.95
C0683,2026-07-24,Coffee,13.42
C0683,2025-11-20,Snacks,11.43
C0683,2026-08-26,Snacks,16.83
C0683,2026-05-05,Bakery,4.59
C0684,2026-01-09,Bakery,9.69
C0684,2026-05-30,Snacks,13.89
C0684,2026-03-05,Snacks,26.86
C0684,2025-09-30,Tea,13.33
C0684,2025-11-05,Snacks,25.76
C0684,2025-09-13,Snacks,14.94
C0684,2025-10-06,Coffee,21.28
C0684,2026-02-15,Bakery,15.16
C0685,2025-10-05,Accessories,10.18
C0685,2026-03-22,Coffee,12.42
C0685,2025-10-06,Coffee,11.77
C0685,2026-08-06,Snacks,10.14
C0685,2026-06-06,Accessories,7.01
C0685,2026-04-08,Bakery,7.46
C0685,2025-10-07,Coffee,5.51
C0685,2025-11-28,Accessories,7.15
C0685,2025-11-25,Coffee,4.72
C0685,2025-12-21,Accessories,17.34
C0685,2026-01-28,Bakery,7.33
C0685,2026-01-23,Coffee,6.1
C0685,2025-11-17,Coffee,4.52
C0685,2026-06-19,Tea,8.49
C0685,2025-12-27,Accessories,12.83
C0686,2026-08-13,Accessories,10.57
C0686,2026-02-01,Bakery,11.86
C0686,2026-04-17,Snacks,16.57
C0686,2026-03-22,Snacks,27.17
C0687,2025-10-07,Coffee,27.1
C0687,2026-01-27,Accessories,32.37
C0687,2026-06-11,Bakery,37.94
C0687,2026-02-17,Coffee,18.99
C0687,2026-05-22,Tea,27.09
C0687,2026-07-23,Snacks,17.76
C0687,2026-01-20,Coffee,29.53
C0687,2026-04-30,Accessories,29
C0688,2026-07-12,Coffee,2.51
C0688,2025-10-08,Accessories,3.14
C0688,2025-11-01,Coffee,2.45
C0688,2026-02-06,Bakery,5.84
C0688,2026-04-26,Snacks,4.6
C0688,2025-09-23,Snacks,4.09
C0688,2026-02-20,Bakery,2.16
C0688,2026-04-02,Snacks,2.75
C0689,2026-03-22,Accessories,9.99
C0689,2026-02-01,Bakery,11.04
C0689,2025-09-30,Accessories,18.45
C0689,2025-11-16,Bakery,14.4
C0689,2026-06-21,Coffee,12.23
C0689,2026-04-23,Tea,14.69
C0690,2026-04-21,Coffee,6.43
C0690,2025-09-22,Bakery,10.73
C0690,2025-11-21,Bakery,11.5
C0690,2026-03-15,Tea,4.61
C0690,2026-02-07,Coffee,12.51
C0690,2026-04-12,Coffee,10.41
C0690,2025-12-20,Coffee,12.52
C0690,2026-01-27,Snacks,9.65
C0690,2026-05-11,Coffee,10.4
C0691,2026-07-18,Snacks,11.03
C0691,2025-12-05,Accessories,6.74
C0691,2026-03-31,Bakery,9.65
C0691,2026-08-07,Bakery,4.66
C0691,2026-05-28,Snacks,7.76
C0691,2025-10-27,Tea,14.76
C0691,2026-05-31,Tea,12.85
C0691,2025-10-02,Accessories,9.28
C0691,2025-12-09,Snacks,10.01
C0691,2026-02-13,Coffee,10.91
C0691,2025-09-24,Snacks,15.19
C0691,2026-07-21,Coffee,7.88
C0691,2026-03-03,Tea,7.03
C0691,2025-10-08,Bakery,13.92
C0691,2026-02-22,Tea,15.46
C0691,2025-12-21,Coffee,13.07
C0692,2025-12-10,Tea,19.82
C0692,2026-03-18,Snacks,13.57
C0692,2025-11-27,Snacks,13.19
C0692,2026-02-08,Accessories,11.16
C0692,2026-04-28,Bakery,16.31
C0693,2026-03-15,Snacks,31.55
C0693,2026-07-07,Bakery,26.7
C0693,2026-03-07,Bakery,24.73
C0693,2026-04-17,Bakery,15.19
C0693,2026-04-30,Accessories,24.69
C0693,2025-09-06,Snacks,10.73
C0693,2025-12-24,Coffee,12.11
C0693,2026-04-20,Bakery,26.78
C0694,2026-02-19,Coffee,6.13
C0694,2026-03-30,Bakery,17.37
C0694,2025-12-05,Snacks,12.85
C0694,2025-11-26,Coffee,13.92
C0695,2026-08-20,Accessories,2.79
C0695,2026-04-30,Accessories,5.68
C0695,2025-09-01,Bakery,3.72
C0695,2026-08-18,Accessories,1.62
C0695,2026-08-18,Snacks,3.79
C0695,2026-03-27,Coffee,2.46
C0695,2026-05-06,Coffee,4.18
C0695,2026-02-17,Coffee,5.02
C0695,2025-09-18,Bakery,4.19
C0695,2026-01-20,Snacks,4.59
C0696,2025-09-08,Coffee,9.09
C0696,2026-07-24,Coffee,7.17
C0696,2026-05-01,Accessories,7.07
C0696,2026-01-10,Snacks,6.75
C0696,2026-01-19,Accessories,10.09
C0696,2026-06-12,Coffee,7.15
C0696,2026-06-14,Accessories,12.09
C0696,2026-04-10,Coffee,4.31
C0697,2025-11-08,Accessories,32.76
C0697,2026-06-27,Bakery,27.24
C0697,2025-12-22,Snacks,33.02
C0697,2026-05-27,Coffee,17.28
C0697,2025-09-23,Bakery,50.45
C0697,2025-12-01,Accessories,23.61
C0698,2026-07-10,Snacks,19.48
C0698,2026-05-18,Coffee,8.46
C0698,2025-09-16,Accessories,24.96
C0698,2026-01-30,Coffee,14.43
C0698,2026-06-27,Accessories,8.72
C0698,2026-05-04,Coffee,13.89
C0698,2026-05-22,Coffee,9.43
C0698,2026-03-31,Accessories,22.5
C0698,2026-07-24,Coffee,22.29
C0698,2026-06-06,Tea,7.84
C0699,2026-05-09,Snacks,22.34
C0699,2026-05-08,Coffee,51.97
C0699,2026-03-31,Coffee,44.48
C0699,2026-07-29,Coffee,51.63
C0699,2026-02-02,Coffee,55.24
C0699,2025-11-04,Bakery,57.66
C0699,2026-07-03,Coffee,19.93
C0699,2025-11-06,Coffee,59.8
C0699,2026-02-15,Bakery,55.02
C0699,2026-08-15,Coffee,34.95
C0699,2025-11-25,Snacks,24.26
C0700,2025-10-25,Accessories,29.22
C0700,2026-05-31,Tea,22.04
C0700,2026-05-16,Bakery,21.3
C0700,2026-06-13,Bakery,31.9
C0700,2025-09-07,Snacks,15.45
C0700,2025-11-29,Snacks,16.34
C0700,2025-09-03,Bakery,30.57
C0700,2025-10-03,Accessories,39.69
C0700,2025-09-25,Coffee,23.81
C0700,2026-01-11,Tea,17.8
C0700,2026-02-12,Tea,39.91
C0700,2025-12-31,Accessories,12.51
C0700,2026-04-08,Tea,28.14
C0701,2026-03-09,Accessories,17.36
C0701,2025-12-09,Coffee,24.79
C0701,2025-10-13,Snacks,29.41
C0701,2026-08-15,Bakery,14.82
C0701,2026-03-31,Accessories,25.63
C0701,2026-06-09,Accessories,11.28
C0701,2026-04-23,Coffee,13.49
C0701,2026-05-26,Coffee,14.19
C0701,2025-09-11,Accessories,15.13
C0701,2026-07-22,Coffee,19.83
C0702,2026-08-31,Accessories,18.07
C0702,2025-11-23,Accessories,12.53
C0702,2025-09-27,Tea,21.43
C0702,2026-08-16,Tea,21.95
C0702,2026-05-27,Coffee,6.53
C0702,2026-03-19,Tea,12.81
C0702,2026-08-02,Bakery,24.73
C0702,2026-03-14,Coffee,10.69
C0702,2025-12-08,Coffee,14.01
C0702,2025-09-10,Tea,22.62
C0702,2026-04-21,Snacks,10.92
C0702,2026-07-08,Bakery,9.28
C0703,2026-02-09,Tea,17.82
C0703,2025-10-18,Bakery,30.23
C0703,2026-04-07,Bakery,26.43
C0703,2026-05-22,Tea,28.28
C0703,2025-10-19,Snacks,38.31
C0704,2025-09-21,Accessories,17.97
C0704,2025-11-02,Coffee,20.37
C0704,2026-07-12,Snacks,10.23
C0705,2026-06-16,Snacks,8.64
C0705,2026-06-19,Bakery,9.52
C0705,2025-09-09,Accessories,9.28
C0705,2026-06-18,Coffee,6.83
C0705,2026-05-26,Snacks,8.6
C0705,2026-05-30,Coffee,8.7
C0705,2025-11-18,Accessories,10.61
C0705,2026-07-24,Coffee,10.31
C0705,2025-09-03,Coffee,11.73
C0705,2025-10-11,Bakery,11.58
C0705,2025-12-03,Accessories,14.02
C0705,2025-11-24,Accessories,9.45
C0705,2026-08-16,Accessories,7.46
C0705,2026-07-03,Accessories,12.17
C0706,2025-09-01,Coffee,11.36
C0706,2025-10-11,Bakery,10.83
C0706,2025-11-21,Accessories,30.15
C0706,2026-07-04,Snacks,21.75
C0706,2026-04-21,Tea,25.98
C0706,2026-06-04,Coffee,18.74
C0706,2026-04-30,Snacks,9.75
C0706,2026-05-10,Tea,22.06
C0707,2026-05-15,Tea,10.01
C0707,2025-10-20,Accessories,8.97
C0707,2025-09-24,Tea,9.76
C0707,2026-01-27,Coffee,3.72
C0707,2025-12-18,Coffee,4.7
C0707,2025-11-22,Snacks,12.04
C0707,2026-04-29,Tea,6.03
C0707,2025-12-22,Coffee,11.82
C0708,2026-03-17,Accessories,10.64
C0708,2026-01-22,Snacks,8.27
C0708,2025-12-18,Coffee,5.29
C0708,2026-01-02,Coffee,8.99
C0708,2026-06-14,Bakery,12.25
C0709,2026-05-19,Tea,24.61
C0709,2026-02-21,Bakery,10.63
C0709,2026-01-02,Snacks,12.84
C0709,2026-04-30,Tea,25.23
C0709,2026-03-18,Snacks,23.83
C0709,2026-07-25,Accessories,24.61
C0710,2026-03-07,Tea,6.9
C0710,2025-12-06,Accessories,17.12
C0710,2025-09-18,Tea,12.85
C0710,2026-03-07,Bakery,8.03
C0710,2026-03-29,Tea,7.86
C0710,2026-01-19,Coffee,5.9
C0710,2026-08-01,Snacks,13.62
C0711,2025-09-21,Tea,4.88
C0711,2025-10-16,Bakery,2.8
C0711,2026-01-13,Tea,2.53
C0711,2026-08-17,Coffee,5.19
C0711,2025-11-06,Snacks,6.86
C0711,2026-06-11,Bakery,8.7
C0711,2025-12-16,Coffee,2.57
C0711,2026-02-16,Snacks,6.17
C0711,2026-03-07,Accessories,2.59
C0712,2026-02-25,Coffee,14.74
C0712,2026-06-05,Coffee,19.53
C0712,2025-10-06,Coffee,13.23
C0712,2026-06-01,Accessories,22.34
C0712,2026-04-21,Coffee,9.44
C0712,2026-01-01,Accessories,27.74
C0713,2026-06-07,Coffee,16.45
C0713,2025-09-01,Snacks,9.39
C0713,2026-03-05,Coffee,8.47
C0713,2026-07-21,Coffee,19.66
C0713,2026-05-02,Tea,26.77
C0713,2026-06-19,Coffee,19.57
C0713,2025-12-08,Bakery,23.51
C0713,2026-01-17,Tea,16.92
C0713,2026-03-07,Coffee,23.67
C0713,2026-03-28,Coffee,16.9
C0713,2025-11-11,Coffee,16.34
C0713,2025-12-14,Accessories,27.96
C0713,2025-12-18,Coffee,9.77
C0713,2026-02-18,Coffee,11.21
C0713,2025-12-07,Bakery,13.64
C0714,2026-02-12,Bakery,31.24
C0714,2026-08-03,Tea,50.99
C0714,2025-09-07,Snacks,26.02
C0714,2025-12-13,Tea,30.52
C0714,2025-09-22,Coffee,40.75
C0714,2025-12-15,Coffee,28.78
C0714,2025-12-11,Coffee,32.47
C0714,2026-04-27,Bakery,41.34
C0714,2025-12-06,Coffee,42.08
C0715,2026-02-10,Accessories,23.72
C0715,2025-10-25,Snacks,35.71
C0715,2026-05-13,Tea,34.91
C0715,2025-11-24,Coffee,38.78
C0715,2026-01-14,Coffee,45.41
C0715,2025-11-09,Accessories,55.57
C0716,2026-02-05,Coffee,2.83
C0716,2026-06-17,Tea,8.68
C0716,2025-12-28,Coffee,5.79
C0716,2026-03-24,Coffee,5.62
C0717,2025-09-27,Accessories,4.53
C0717,2025-12-24,Snacks,8.8
C0717,2025-12-05,Accessories,12.13
C0717,2026-06-23,Bakery,11.87
C0717,2026-08-04,Coffee,4.05
C0717,2025-10-05,Tea,15.39
C0717,2025-10-24,Coffee,4.02
C0718,2026-04-05,Coffee,19.64
C0718,2025-11-25,Snacks,26.65
C0718,2025-11-07,Coffee,12.37
C0718,2026-08-19,Coffee,18.1
C0719,2026-06-05,Snacks,48.47
C0719,2025-11-16,Accessories,27.23
C0719,2026-04-10,Bakery,27.26
C0719,2026-07-01,Coffee,21.43
C0719,2025-11-28,Snacks,14.45
C0720,2026-04-30,Coffee,15.05
C0720,2026-06-03,Bakery,12.13
C0720,2025-09-07,Accessories,20.64
C0720,2025-09-17,Bakery,7.4
C0720,2026-08-24,Bakery,21.67
C0721,2026-04-05,Coffee,7.11
C0721,2026-06-22,Snacks,10.3
C0721,2026-08-09,Tea,10.39
C0721,2026-08-27,Snacks,10.93
C0721,2025-11-16,Accessories,10.13
C0722,2025-10-10,Snacks,13.28
C0722,2026-06-16,Coffee,13.62
C0722,2026-06-03,Accessories,6.33
C0722,2026-03-17,Tea,8.29
C0722,2026-07-15,Accessories,16.06
C0722,2025-11-09,Snacks,10.33
C0722,2026-02-24,Bakery,6.79
C0722,2026-04-08,Tea,5.37
C0722,2025-12-05,Bakery,14.71
C0723,2026-03-11,Coffee,12.17
C0723,2026-08-21,Coffee,9.16
C0723,2025-12-10,Coffee,8.55
C0723,2026-05-11,Tea,8.24
C0723,2026-06-26,Bakery,11.89
C0723,2025-12-25,Coffee,11.57
C0723,2026-03-02,Snacks,13.09
C0723,2026-07-13,Tea,4.67
C0723,2026-08-10,Accessories,4.78
C0724,2026-04-13,Coffee,12.92
C0724,2025-12-15,Coffee,12.05
C0724,2026-03-12,Coffee,27.87
C0724,2026-08-11,Coffee,24.78
C0724,2026-05-31,Bakery,14.83
C0724,2026-08-06,Tea,26.17
C0724,2026-05-16,Coffee,25.72
C0724,2026-04-16,Coffee,15.42
C0725,2026-07-23,Coffee,25.31
C0725,2025-12-19,Tea,16.16
C0725,2025-11-26,Coffee,10.93
C0725,2025-12-09,Coffee,12.61
C0725,2026-06-25,Tea,27.35
C0725,2025-10-17,Tea,18.68
C0726,2025-09-25,Bakery,12.52
C0726,2026-04-17,Coffee,16.09
C0726,2026-02-04,Coffee,19.33
C0726,2026-03-13,Coffee,19.26
C0726,2025-12-07,Accessories,18.81
C0726,2026-01-19,Coffee,12.88
C0726,2026-08-07,Tea,15.47
C0727,2026-06-28,Snacks,8
C0727,2026-06-04,Accessories,4.45
C0727,2026-02-23,Snacks,4.29
C0727,2025-10-22,Coffee,7.05
C0727,2025-09-25,Bakery,7.29
C0728,2025-09-12,Snacks,9.56
C0728,2025-11-05,Bakery,10.59
C0728,2026-03-02,Accessories,11.61
C0729,2025-10-04,Tea,18.19
C0729,2026-07-24,Coffee,14.35
C0729,2026-04-12,Coffee,6.23
C0729,2025-10-04,Coffee,13.84
C0730,2026-07-12,Tea,10.57
C0730,2026-05-08,Bakery,29.67
C0730,2026-05-02,Coffee,13.28
C0730,2026-01-12,Snacks,25.1
C0730,2026-04-24,Snacks,25.04
C0730,2026-07-07,Tea,23.63
C0730,2025-11-07,Accessories,17.06
C0730,2026-06-11,Bakery,14.89
C0730,2026-01-04,Coffee,19.07
C0731,2026-07-13,Coffee,4.6
C0731,2026-07-05,Coffee,16.89
C0731,2026-07-10,Coffee,12.64
C0731,2026-05-31,Coffee,11.69
C0731,2025-09-17,Accessories,20.46
C0731,2026-04-30,Bakery,19.68
C0731,2025-09-11,Bakery,16.61
C0731,2026-05-05,Snacks,11.59
C0731,2025-11-28,Tea,8.93
C0731,2025-12-26,Coffee,6.44
C0732,2025-11-22,Tea,20.36
C0732,2026-06-13,Bakery,52.34
C0732,2026-08-06,Accessories,16.91
C0732,2026-06-08,Snacks,34.48
C0732,2026-02-03,Coffee,34.72
C0732,2026-04-16,Tea,38.67
C0732,2026-05-28,Tea,44.63
C0733,2026-03-26,Snacks,12.18
C0733,2025-12-11,Accessories,6.13
C0733,2026-04-06,Tea,9.4
C0733,2025-11-15,Accessories,12.54
C0733,2026-02-20,Bakery,3.85
C0733,2026-06-26,Tea,11.35
C0733,2026-07-16,Tea,7.46
C0733,2026-05-03,Accessories,10.74
C0733,2026-01-01,Tea,8.86
C0734,2026-02-04,Accessories,35.13
C0734,2026-07-25,Bakery,30
C0734,2026-04-29,Coffee,28.53
C0735,2026-07-29,Bakery,8.04
C0735,2026-06-22,Accessories,7.5
C0735,2026-04-20,Coffee,5.65
C0735,2026-02-15,Snacks,7.33
C0735,2025-12-27,Coffee,9.16
C0735,2026-06-10,Bakery,6.1
C0735,2026-01-19,Coffee,3.4
C0735,2025-12-13,Coffee,7.52
C0735,2026-03-25,Bakery,9.56
C0735,2026-03-12,Coffee,6.74
C0735,2026-03-10,Accessories,5.98
C0735,2026-07-06,Snacks,6.32
C0735,2026-07-30,Bakery,5.82
C0736,2026-04-05,Accessories,9.81
C0736,2026-02-02,Tea,27.05
C0736,2025-10-16,Coffee,13.9
C0736,2025-12-06,Coffee,14.09
C0736,2025-09-05,Bakery,13.82
C0736,2025-10-29,Bakery,19.2
C0736,2026-06-14,Bakery,22.69
C0736,2026-07-26,Coffee,6.42
C0736,2026-06-09,Coffee,8.25
C0736,2026-08-11,Snacks,9.15
C0736,2026-04-06,Coffee,16.98
C0736,2025-10-27,Bakery,11.57
C0737,2026-01-15,Bakery,28.18
C0737,2026-01-17,Tea,13.48
C0737,2026-05-09,Bakery,29.02
C0737,2025-11-27,Snacks,17.5
C0737,2025-12-20,Tea,10.25
C0737,2026-06-16,Tea,16.85
C0737,2026-08-06,Snacks,17.17
C0737,2026-03-19,Bakery,22.06
C0737,2026-06-10,Accessories,9.83
C0738,2026-05-19,Coffee,45.73
C0738,2025-11-26,Accessories,14.85
C0738,2025-11-07,Tea,18.08
C0739,2025-11-14,Snacks,26.92
C0739,2026-06-09,Snacks,20.66
C0739,2026-08-01,Coffee,16.44
C0739,2026-08-29,Coffee,6.88
C0739,2026-02-02,Tea,17.72
C0739,2026-04-11,Coffee,11.52
C0740,2025-10-06,Snacks,19.61
C0740,2026-04-08,Bakery,22.71
C0740,2025-11-07,Snacks,24.17
C0740,2026-01-23,Coffee,13.32
C0740,2025-11-19,Tea,34.68
C0740,2026-07-10,Snacks,32.54
C0740,2026-01-15,Snacks,30.81
C0740,2025-09-18,Bakery,13.87
C0740,2026-08-25,Tea,29.13
C0741,2026-05-08,Coffee,2.38
C0741,2026-05-19,Tea,1.5
C0741,2025-09-20,Coffee,1.5
C0741,2025-09-17,Tea,1.55
C0741,2026-07-05,Coffee,1.5
C0742,2026-08-23,Tea,2.92
C0742,2026-05-10,Snacks,4.39
C0742,2026-04-21,Tea,2.45
C0742,2026-05-28,Tea,4.58
C0742,2025-12-07,Tea,2.76
C0742,2025-09-18,Tea,5.92
C0742,2026-07-27,Bakery,2.24
C0743,2026-05-14,Coffee,15.86
C0743,2026-06-01,Snacks,5.71
C0743,2026-04-07,Bakery,13.1
C0743,2026-04-26,Tea,8.87
C0743,2025-09-30,Tea,6.64
C0743,2026-01-02,Accessories,18.46
C0743,2026-04-07,Accessories,12.13
C0744,2026-04-29,Bakery,5.95
C0744,2026-06-07,Coffee,14.83
C0744,2026-08-17,Coffee,15.5
C0744,2026-02-10,Coffee,4.55
C0744,2026-03-04,Tea,7.49
C0744,2026-02-10,Tea,6.1
C0744,2026-04-11,Accessories,19.22
C0744,2026-04-14,Tea,13.41
C0744,2025-11-09,Coffee,5.37
C0744,2025-11-10,Tea,18.58
C0744,2026-04-02,Tea,17.47
C0744,2026-02-28,Coffee,10.68
C0745,2026-02-14,Coffee,20.8
C0745,2026-02-05,Tea,39.71
C0745,2026-06-07,Bakery,45.07
C0745,2025-09-23,Bakery,21.4
C0745,2026-08-19,Coffee,13.07
C0745,2026-07-26,Bakery,25.98
C0745,2025-09-17,Tea,16.64
C0745,2026-03-04,Bakery,42.46
C0746,2026-01-18,Snacks,48.01
C0746,2025-12-21,Accessories,56.17
C0746,2026-08-14,Coffee,19.97
C0746,2026-03-12,Tea,37.65
C0746,2026-04-12,Snacks,49.41
C0746,2025-10-02,Tea,38.39
C0746,2026-06-24,Bakery,39.7
C0746,2025-12-28,Coffee,28.56
C0747,2025-11-29,Accessories,7.42
C0747,2026-07-21,Tea,10.32
C0747,2025-10-16,Tea,11.32
C0747,2025-11-28,Coffee,9.57
C0747,2026-05-08,Bakery,11.12
C0747,2026-01-20,Coffee,5.84
C0747,2026-03-23,Tea,10.64
C0747,2026-07-04,Snacks,10.99
C0748,2025-11-16,Tea,15.19
C0748,2026-06-30,Bakery,10.87
C0749,2025-12-21,Bakery,14.48
C0749,2025-10-23,Accessories,7.97
C0749,2025-09-28,Coffee,13.52
C0750,2026-05-29,Bakery,6.02
C0750,2026-04-23,Coffee,3.6
C0750,2025-12-19,Snacks,5.5
C0750,2026-01-13,Accessories,8.5
C0750,2025-09-24,Bakery,5.09
C0750,2026-08-28,Coffee,4.83
C0750,2025-10-26,Coffee,5.38
C0750,2025-12-22,Snacks,4.84
C0750,2026-07-12,Accessories,6.74
C0750,2025-12-18,Coffee,3.44
C0751,2025-10-20,Accessories,14.59
C0751,2026-07-18,Tea,24.3
C0751,2025-09-19,Accessories,39.24
C0751,2026-03-06,Coffee,24.84
C0751,2025-10-04,Coffee,17.15
C0751,2026-08-04,Coffee,36.12
C0751,2025-09-14,Bakery,15.11
C0752,2026-03-08,Bakery,9.21
C0752,2026-03-13,Accessories,7.66
C0752,2026-07-18,Accessories,5.77
C0752,2026-07-01,Snacks,7.04
C0752,2026-01-02,Bakery,7.72
C0752,2026-03-10,Bakery,7.46
C0752,2025-10-31,Snacks,12.32
C0753,2026-06-10,Coffee,28.64
C0753,2026-03-17,Accessories,32.1
C0753,2026-02-12,Tea,12.77
C0753,2026-05-29,Coffee,12.83
C0753,2025-11-15,Snacks,37.45
C0754,2026-04-23,Tea,15.43
C0754,2025-10-01,Coffee,12.89
C0754,2026-04-27,Accessories,13.17
C0754,2026-03-22,Tea,9.34
C0754,2025-11-20,Coffee,9.87
C0754,2026-07-01,Bakery,20.71
C0755,2025-12-21,Accessories,25.57
C0755,2025-09-06,Bakery,17.35
C0755,2026-06-06,Accessories,14.08
C0755,2025-10-18,Accessories,19.07
C0755,2025-09-21,Coffee,19.28
C0755,2026-02-21,Snacks,19.22
C0756,2026-01-22,Coffee,7.24
C0756,2025-10-02,Bakery,7.12
C0756,2025-11-15,Coffee,5.42
C0756,2026-07-06,Bakery,9.67
C0756,2025-09-27,Snacks,6.53
C0757,2026-06-25,Bakery,3.4
C0757,2025-11-24,Accessories,3.61
C0757,2026-07-15,Coffee,3.29
C0757,2026-04-17,Accessories,3.81
C0758,2025-12-06,Bakery,8.15
C0758,2026-04-09,Bakery,4.23
C0758,2025-12-05,Coffee,10.41
C0758,2025-12-09,Accessories,5.86
C0759,2026-01-07,Coffee,7.63
C0759,2026-02-06,Coffee,13.06
C0759,2026-04-23,Coffee,13.86
C0759,2025-12-28,Coffee,13.49
C0759,2026-05-23,Accessories,6.12
C0759,2026-08-29,Snacks,13.6
C0759,2025-11-01,Tea,12.2
C0759,2026-03-04,Coffee,9.01
C0759,2025-12-21,Accessories,12.93
C0760,2026-04-21,Bakery,14.61
C0760,2025-10-13,Snacks,5.38
C0760,2025-12-26,Coffee,6.89
C0760,2026-05-08,Snacks,12.2
C0760,2025-12-04,Bakery,16.53
C0761,2026-02-13,Bakery,3.65
C0761,2026-05-23,Tea,5.69
C0761,2025-09-16,Accessories,10.86
C0761,2026-04-12,Coffee,3.39
C0761,2026-01-13,Bakery,11.75
C0761,2025-09-23,Bakery,9.75
C0761,2026-07-07,Tea,10.24
C0761,2026-06-08,Snacks,8.5
C0761,2026-01-02,Tea,11.2
C0762,2025-11-13,Snacks,14.95
C0762,2026-08-29,Bakery,15.46
C0762,2026-02-26,Tea,4.4
C0762,2025-10-03,Snacks,13.59
C0762,2026-05-19,Accessories,4.37
C0762,2025-12-11,Accessories,12.41
C0762,2026-05-18,Coffee,8.13
C0762,2026-04-07,Tea,7.26
C0762,2026-01-26,Accessories,4.46
C0763,2026-04-16,Bakery,11.59
C0763,2025-12-17,Snacks,23.24
C0763,2026-03-15,Bakery,13.47
C0763,2026-08-10,Snacks,26.47
C0763,2026-02-06,Snacks,30.22
C0764,2026-04-27,Bakery,18.45
C0764,2025-09-11,Coffee,11.96
C0764,2025-10-25,Snacks,24.91
C0764,2026-05-23,Bakery,35.55
C0764,2026-01-26,Bakery,30.67
C0764,2026-02-23,Accessories,29.21
C0764,2026-03-02,Snacks,11.41
C0764,2026-07-15,Accessories,33.94
C0764,2025-09-04,Snacks,19.24
C0764,2025-11-05,Accessories,34
C0764,2026-03-08,Bakery,38.39
C0764,2026-07-05,Snacks,20.68
C0765,2026-04-06,Bakery,18.73
C0765,2026-03-28,Accessories,7.52
C0765,2025-12-20,Tea,21.35
C0765,2026-02-27,Bakery,21.33
C0765,2026-04-17,Tea,13.53
C0765,2025-12-29,Coffee,6.1
C0766,2026-05-31,Bakery,13.1
C0766,2026-02-28,Tea,10.32
C0766,2026-02-16,Snacks,5.03
C0767,2025-12-09,Coffee,19.85
C0767,2026-01-28,Tea,23.12
C0767,2026-06-25,Bakery,22.7
C0767,2026-02-15,Bakery,13.1
C0767,2026-05-01,Coffee,6.94
C0767,2026-01-29,Tea,24.1
C0768,2026-06-03,Accessories,33.05
C0768,2026-01-12,Accessories,36.2
C0768,2025-10-17,Tea,53.9
C0768,2026-01-21,Accessories,16.11
C0768,2026-03-01,Coffee,40.67
C0769,2026-08-28,Tea,24.27
C0769,2026-01-05,Accessories,33.28
C0769,2026-02-12,Tea,31.75
C0769,2026-02-15,Accessories,19.06
C0769,2025-12-23,Tea,25.3
C0769,2026-07-09,Bakery,13.3
C0769,2025-12-28,Coffee,13.46
C0769,2026-02-19,Accessories,16.96
C0769,2026-07-04,Coffee,27.63
C0769,2026-08-13,Coffee,15.35
C0769,2026-04-05,Coffee,16.63
C0770,2026-08-05,Accessories,31.14
C0770,2025-09-06,Tea,21.01
C0770,2025-10-08,Snacks,47.42
C0770,2025-12-14,Coffee,20.1
C0771,2026-07-18,Tea,8.51
C0771,2026-03-23,Accessories,7.47
C0771,2025-12-16,Snacks,5
C0771,2025-09-22,Bakery,5.32
C0771,2026-04-07,Tea,9.37
C0771,2026-04-08,Snacks,9.09
C0771,2025-09-17,Bakery,8.27
C0772,2025-10-10,Coffee,24.06
C0772,2026-01-18,Tea,20.26
C0772,2026-02-26,Coffee,12.89
C0772,2026-07-29,Bakery,16.42
C0772,2025-11-03,Tea,12
C0772,2026-02-24,Bakery,15.68
C0772,2025-11-14,Coffee,25.56
C0772,2025-11-30,Tea,9.99
C0772,2026-04-16,Coffee,13.53
C0772,2026-03-05,Coffee,12.54
C0773,2025-09-18,Snacks,5.49
C0773,2026-05-19,Bakery,5.72
C0774,2025-10-12,Bakery,30.12
C0774,2026-02-03,Snacks,17.11
C0774,2026-07-29,Bakery,39.91
C0775,2025-11-23,Coffee,36.39
C0775,2025-11-12,Snacks,32.53
C0775,2025-11-19,Bakery,31.99
C0775,2025-09-21,Accessories,46.55
C0775,2026-06-15,Snacks,30.51
C0775,2026-05-05,Accessories,31.75
C0775,2026-03-27,Snacks,41.39
C0775,2025-09-24,Tea,26.63
C0775,2026-01-06,Accessories,32.89
C0775,2025-09-13,Snacks,36.32
C0775,2026-04-17,Snacks,26
C0775,2026-01-30,Tea,23.46
C0775,2025-12-14,Snacks,13.03
C0775,2026-07-10,Coffee,16.42
C0776,2026-05-29,Tea,44.6
C0776,2026-03-08,Snacks,36.45
C0776,2026-03-28,Bakery,27.52
C0776,2025-11-05,Bakery,12.07
C0776,2026-08-21,Snacks,20.43
C0776,2026-07-07,Coffee,16.31
C0776,2026-02-25,Tea,45.38
C0776,2026-08-24,Tea,26.34
C0776,2026-02-26,Coffee,36.54
C0777,2025-10-31,Bakery,38.45
C0777,2026-07-06,Coffee,39.28
C0777,2026-08-31,Bakery,14.69
C0777,2026-07-16,Tea,49.94
C0777,2026-04-19,Coffee,16.39
C0777,2025-09-27,Coffee,42.51
C0777,2025-11-15,Coffee,38.2
C0777,2026-08-21,Bakery,21.91
C0777,2025-10-20,Coffee,35.76
C0777,2025-12-08,Tea,50.84
C0777,2026-08-23,Coffee,22.47
C0777,2026-01-09,Coffee,18.94
C0777,2026-04-03,Tea,18.67
C0778,2026-08-20,Accessories,5.12
C0778,2026-06-20,Accessories,5.95
C0778,2025-11-12,Tea,12.82
C0778,2025-11-04,Accessories,14.27
C0778,2026-02-28,Bakery,7.63
C0778,2026-06-24,Coffee,11.78
C0778,2025-09-04,Accessories,14.23
C0779,2026-04-05,Coffee,10.57
C0779,2026-06-19,Bakery,23.14
C0779,2025-10-30,Tea,32.28
C0779,2026-05-31,Coffee,11.97
C0779,2026-07-24,Coffee,21.03
C0779,2025-10-01,Coffee,18.26
C0779,2026-05-23,Coffee,16.72
C0779,2026-06-23,Bakery,26.3
C0779,2026-06-02,Coffee,19
C0779,2025-12-12,Coffee,11.09
C0779,2025-10-07,Coffee,36.01
C0779,2025-09-12,Snacks,43.04
C0779,2026-05-10,Snacks,18.96
C0779,2025-09-17,Coffee,19.09
C0779,2026-01-14,Coffee,31.06
C0779,2025-10-31,Coffee,25.7
C0779,2025-09-10,Tea,31.38
C0780,2026-08-18,Snacks,18.55
C0780,2026-02-08,Bakery,21.65
C0780,2026-05-10,Tea,9.3
C0780,2025-12-02,Tea,15.58
C0780,2026-02-27,Tea,8.41
C0780,2026-02-17,Tea,10.83
C0780,2026-08-10,Bakery,17.42
C0780,2025-09-02,Snacks,20.84
C0780,2025-10-19,Coffee,14.35
C0780,2025-11-19,Coffee,20.28
C0780,2025-11-06,Tea,6.79
C0780,2026-04-12,Bakery,11.08
C0781,2025-12-17,Coffee,38.8
C0781,2025-09-08,Coffee,13.3
C0781,2025-11-15,Tea,48.2
C0781,2026-05-10,Bakery,40.46
C0781,2026-03-10,Coffee,15.53
C0781,2026-05-12,Accessories,30.45
C0781,2026-02-24,Coffee,28.17
C0781,2026-06-20,Accessories,35.54
C0782,2025-12-24,Coffee,5.82
C0782,2025-10-03,Accessories,11.47
C0782,2026-03-09,Coffee,9.61
C0782,2025-10-15,Tea,9.05
C0782,2026-02-28,Bakery,8.87
C0782,2025-10-25,Bakery,6.97
C0782,2026-02-12,Bakery,11.16
C0782,2026-03-16,Accessories,7.43
C0782,2026-05-06,Tea,11.36
C0782,2026-06-12,Tea,8.72
C0782,2026-05-03,Coffee,3.76
C0782,2025-12-13,Tea,9.86
C0783,2026-06-25,Coffee,10.85
C0783,2026-04-08,Coffee,12.32
C0783,2026-04-09,Tea,7.39
C0783,2026-08-31,Coffee,17.03
C0783,2026-03-17,Coffee,6.68
C0783,2026-01-09,Snacks,6.94
C0783,2026-06-02,Accessories,19.9
C0783,2026-06-15,Tea,25.47
C0783,2026-03-05,Tea,24.39
C0783,2026-02-08,Coffee,18.41
C0783,2026-04-22,Coffee,14.68
C0784,2026-06-22,Coffee,18.3
C0784,2026-07-10,Coffee,18.73
C0784,2025-12-30,Bakery,6.57
C0784,2026-01-04,Accessories,22.59
C0784,2025-10-18,Tea,21.68
C0784,2026-07-05,Coffee,11.55
C0784,2026-04-06,Bakery,12.65
C0784,2026-07-25,Coffee,17.93
C0785,2025-09-09,Snacks,11.47
C0785,2025-10-18,Accessories,6.58
C0785,2026-07-05,Accessories,10.36
C0785,2025-09-13,Accessories,12.21
C0785,2026-02-02,Coffee,9.84
C0785,2026-08-01,Coffee,6.06
C0785,2025-10-12,Snacks,14.61
C0786,2026-01-07,Coffee,19.14
C0786,2026-01-29,Bakery,33.68
C0786,2026-03-26,Bakery,57.22
C0786,2026-05-22,Snacks,37.19
C0786,2025-10-12,Accessories,47.06
C0786,2026-03-16,Coffee,59.81
C0787,2026-01-07,Coffee,10.02
C0787,2025-10-02,Accessories,19.33
C0787,2025-12-09,Coffee,9.42
C0787,2026-08-31,Coffee,5.8
C0787,2025-10-09,Tea,9.27
C0787,2025-10-20,Coffee,14.19
C0787,2026-03-22,Snacks,13.96
C0787,2026-01-26,Coffee,6.13
C0787,2025-12-02,Coffee,11.31
C0787,2025-10-30,Coffee,5.56
C0787,2026-08-30,Coffee,14.21
C0788,2026-01-21,Coffee,17.92
C0788,2026-08-05,Accessories,15.99
C0788,2025-12-13,Coffee,13.65
C0788,2026-08-17,Accessories,31.43
C0788,2026-03-31,Coffee,17.33
C0788,2026-02-27,Accessories,18.55
C0788,2026-01-20,Accessories,13.42
C0788,2025-11-02,Tea,9.53
C0788,2026-06-03,Bakery,12.43
C0788,2025-12-22,Bakery,30.72
C0789,2025-11-11,Coffee,7.94
C0789,2026-02-19,Tea,16.45
C0789,2026-07-27,Accessories,25.18
C0789,2026-08-14,Bakery,26.29
C0790,2025-12-16,Coffee,3.74
C0790,2026-08-24,Coffee,7.23
C0790,2026-01-26,Accessories,4
C0790,2025-11-10,Tea,9.24
C0790,2026-07-07,Bakery,13.98
C0790,2026-08-25,Tea,11.13
C0790,2025-12-21,Tea,7.64
C0790,2025-10-01,Snacks,10.99
C0791,2026-02-04,Accessories,26.55
C0791,2026-01-06,Snacks,36.87
C0791,2026-04-12,Coffee,16.93
C0791,2026-02-15,Coffee,18.38
C0791,2026-08-26,Accessories,35.83
C0791,2026-07-17,Coffee,27.18
C0791,2026-08-24,Bakery,23.14
C0791,2026-01-07,Tea,23.93
C0791,2026-05-17,Bakery,15.37
C0791,2025-12-10,Bakery,33.69
C0791,2025-09-20,Coffee,22.11
C0791,2025-12-04,Coffee,20.51
C0792,2025-10-13,Coffee,23.35
C0792,2026-08-02,Tea,31.15
C0792,2025-09-12,Coffee,11.94
C0793,2026-01-17,Coffee,8.14
C0793,2026-03-07,Tea,7.83
C0793,2026-05-15,Snacks,6.54
C0793,2026-01-17,Snacks,15.78
C0794,2025-12-01,Coffee,8.94
C0794,2026-06-12,Coffee,11.43
C0794,2026-07-04,Accessories,6.82
C0795,2025-10-21,Bakery,8.99
C0795,2026-03-08,Tea,11.17
C0795,2025-12-21,Snacks,9.26
C0795,2026-07-12,Accessories,4.99
C0795,2026-03-24,Tea,14.64
C0795,2026-03-14,Snacks,9.12
C0796,2025-10-31,Coffee,7.31
C0796,2026-08-11,Snacks,8.87
C0796,2026-01-11,Coffee,8.9
C0796,2025-11-11,Coffee,7.46
C0796,2025-09-06,Tea,6.36
C0796,2025-09-16,Coffee,13.93
C0797,2026-06-30,Bakery,8.58
C0797,2026-07-12,Tea,16.27
C0797,2025-10-23,Accessories,4.97
C0797,2025-12-14,Bakery,6.75
C0797,2025-10-31,Snacks,14.68
C0797,2026-03-30,Coffee,12.59
C0797,2025-12-30,Accessories,10.59
C0797,2026-03-29,Bakery,11.52
C0797,2025-11-30,Coffee,12.26
C0797,2026-03-13,Coffee,10.77
C0797,2026-04-16,Snacks,7.88
C0798,2026-07-03,Accessories,42.95
C0798,2026-02-25,Snacks,36.05
C0798,2026-03-02,Snacks,38.47
C0798,2026-03-30,Coffee,16.47
C0798,2026-05-10,Snacks,48.09
C0799,2026-05-28,Snacks,2.51
C0799,2026-08-25,Snacks,4.21
C0799,2026-06-07,Snacks,2.11
C0799,2025-11-23,Snacks,1.93
C0799,2026-06-18,Tea,4.83
C0799,2026-06-02,Accessories,4.55
C0800,2025-12-09,Coffee,10.89
C0800,2026-01-03,Coffee,10.04
C0800,2026-06-18,Coffee,7.23
C0800,2026-08-13,Coffee,10.3
C0801,2026-06-04,Accessories,44.11
C0801,2026-08-23,Tea,28.22
C0801,2026-01-21,Snacks,28.83
C0801,2026-02-03,Bakery,45.25
C0801,2026-06-30,Accessories,31.61
C0801,2026-03-01,Bakery,32.22
C0802,2026-05-17,Accessories,44.16
C0802,2026-06-20,Snacks,27.9
C0802,2026-04-22,Coffee,19.38
C0802,2025-12-30,Bakery,40.16
C0802,2026-04-06,Bakery,30.08
C0802,2025-11-18,Coffee,21.36
C0803,2025-10-24,Coffee,5.96
C0804,2026-08-28,Accessories,17.51
C0804,2026-01-05,Snacks,19.5
C0804,2025-09-09,Accessories,8.16
C0805,2026-01-09,Snacks,2.71
C0805,2025-11-05,Coffee,2.04
C0805,2026-04-20,Coffee,2.36
C0805,2025-12-06,Coffee,2.54
C0805,2026-03-10,Snacks,3.59
C0805,2026-03-01,Bakery,3.39
C0805,2025-11-27,Accessories,3.57
C0805,2026-07-19,Accessories,2.02
C0805,2026-04-30,Tea,2.25
C0805,2026-04-01,Coffee,2.2
C0805,2026-05-28,Coffee,1.87
C0805,2026-02-05,Bakery,3.19
C0805,2026-06-02,Snacks,2.02
C0805,2026-06-22,Coffee,1.64
C0806,2026-07-01,Snacks,27.88
C0806,2025-11-18,Coffee,7.43
C0806,2025-12-26,Coffee,11.88
C0806,2026-06-11,Accessories,9.1
C0806,2025-12-29,Accessories,16.76
C0806,2026-04-23,Snacks,8.81
C0806,2025-09-27,Accessories,19.88
C0807,2025-10-24,Coffee,12.88
C0807,2026-01-16,Snacks,14.89
C0807,2026-02-14,Bakery,7.45
C0807,2026-04-03,Bakery,15.7
C0807,2025-11-22,Coffee,9.58
C0807,2025-09-07,Snacks,9.91
C0807,2026-03-22,Bakery,14.88
C0808,2026-07-21,Coffee,13.4
C0808,2025-10-31,Coffee,12.07
C0808,2026-02-23,Coffee,14.46
C0808,2026-05-20,Coffee,5.97
C0808,2025-10-30,Coffee,4.14
C0808,2025-12-20,Bakery,11.87
C0808,2025-11-05,Coffee,9.31
C0808,2025-10-20,Bakery,12.99
C0808,2026-03-16,Snacks,17.58
C0808,2025-09-09,Coffee,13.46
C0808,2026-02-21,Coffee,8.03
C0809,2026-08-12,Tea,40.36
C0809,2025-09-19,Snacks,30.5
C0809,2026-06-27,Snacks,26.79
C0809,2026-08-24,Bakery,36.7
C0809,2025-12-10,Coffee,36.9
C0809,2026-03-17,Tea,19.5
C0810,2025-11-21,Tea,29.33
C0810,2026-03-17,Bakery,50.26
C0810,2025-10-15,Snacks,74.59
C0810,2026-08-30,Tea,66.85
C0810,2025-11-08,Snacks,67.55
C0810,2025-10-26,Coffee,26.23
C0810,2025-09-05,Coffee,29.65
C0810,2025-12-20,Coffee,62.28
C0810,2026-04-13,Snacks,63.01
C0810,2026-07-28,Accessories,53.36
C0810,2026-08-31,Accessories,32.14
C0811,2026-05-27,Tea,30.37
C0811,2025-12-05,Accessories,10.82
C0811,2026-04-14,Coffee,10.54
C0811,2026-05-14,Accessories,22.98
C0811,2026-01-05,Snacks,21.14
C0811,2026-04-03,Accessories,9.63
C0811,2026-01-02,Accessories,15.9
C0811,2026-06-09,Accessories,27.84
C0812,2026-05-12,Accessories,12.63
C0812,2025-09-23,Tea,7.5
C0812,2025-09-11,Coffee,19.72
C0812,2026-01-01,Snacks,23.04
C0812,2026-08-11,Coffee,18.95
C0812,2026-08-25,Snacks,13.57
C0812,2026-04-01,Snacks,7.5
C0813,2025-11-23,Bakery,8.94
C0813,2026-07-19,Snacks,8.01
C0813,2026-04-22,Snacks,5.72
C0814,2026-05-08,Bakery,34.2
C0814,2026-01-29,Tea,33.86
C0814,2026-05-02,Coffee,18.56
C0814,2026-03-11,Coffee,32.88
C0814,2026-07-30,Bakery,42.78
C0814,2025-12-01,Snacks,53.09
C0814,2025-11-08,Coffee,44.85
C0814,2026-06-07,Bakery,43.01
C0814,2026-07-17,Tea,54.13
C0814,2026-07-11,Tea,35.25
C0815,2026-06-18,Coffee,12.41
C0815,2026-02-25,Coffee,9.45
C0815,2025-11-30,Coffee,10.73
C0815,2026-02-16,Tea,15.15
C0815,2026-06-03,Coffee,10.28
C0815,2026-02-20,Accessories,13.55
C0815,2026-03-30,Snacks,14.33
C0815,2025-10-14,Coffee,12.24
C0815,2026-01-12,Coffee,8.5
C0816,2025-11-08,Bakery,46.54
C0816,2026-07-05,Coffee,29.24
C0816,2025-11-21,Accessories,23.75
C0816,2026-05-27,Coffee,42.64
C0816,2026-01-19,Bakery,30.34
C0817,2026-01-26,Snacks,27.75
C0817,2026-06-13,Coffee,22.39
C0817,2026-08-07,Tea,12.56
C0817,2025-11-21,Coffee,25.02
C0817,2026-01-20,Snacks,32.75
C0817,2026-08-12,Coffee,21.07
C0817,2025-11-07,Coffee,30.13
C0817,2025-11-25,Coffee,11.92
C0818,2026-03-18,Snacks,41.43
C0818,2026-08-18,Snacks,28.79
C0818,2026-02-03,Accessories,17.3
C0818,2025-12-31,Coffee,19.91
C0818,2026-08-19,Coffee,27.07
C0818,2025-09-10,Coffee,12.02
C0818,2026-05-17,Accessories,35.83
C0818,2026-02-15,Coffee,20.23
C0818,2026-06-11,Accessories,10.89
C0818,2026-06-08,Bakery,13.84
C0818,2025-12-20,Coffee,28.61
C0818,2026-04-02,Bakery,36.45
C0818,2025-12-02,Coffee,24.04
C0819,2025-11-04,Tea,14.92
C0819,2026-02-04,Coffee,7.42
C0820,2026-05-14,Accessories,12.55
C0820,2025-12-06,Bakery,21.62
C0820,2025-12-28,Coffee,13.74
C0820,2025-11-28,Bakery,22.97
C0820,2026-07-11,Coffee,15.25
C0821,2026-07-09,Bakery,5.26
C0821,2026-01-03,Bakery,8.71
C0821,2026-03-17,Coffee,4.13
C0821,2025-12-28,Accessories,6.99
C0821,2025-10-15,Accessories,6.87
C0821,2026-04-09,Snacks,9.22
C0821,2026-07-12,Coffee,4.63
C0822,2026-03-28,Tea,49
C0822,2026-08-25,Coffee,37.2
C0822,2026-03-12,Snacks,49.31
C0822,2026-03-10,Accessories,39.68
C0822,2026-07-12,Tea,63.43
C0822,2026-02-13,Accessories,19.52
C0823,2026-03-14,Coffee,15.09
C0823,2026-06-28,Snacks,24.45
C0823,2026-08-10,Coffee,19.95
C0823,2025-11-25,Coffee,12.06
C0823,2025-10-14,Coffee,26.13
C0823,2026-05-12,Tea,27.44
C0823,2025-10-25,Coffee,19.02
C0823,2026-07-08,Tea,32.81
C0823,2026-03-05,Coffee,9.96
C0823,2025-12-30,Snacks,15.74
C0823,2025-09-16,Accessories,14.85
C0823,2026-04-21,Accessories,35.9
C0824,2026-03-03,Accessories,9.54
C0824,2026-08-20,Bakery,7.77
C0824,2026-08-20,Tea,4.98
C0824,2026-03-22,Coffee,6.43
C0824,2026-02-08,Accessories,8.18
C0824,2026-06-26,Coffee,2.77
C0824,2026-04-20,Bakery,11.35
C0824,2026-01-02,Coffee,7.08
C0824,2026-07-20,Coffee,8.1
C0824,2025-10-31,Tea,12.15
C0824,2026-05-07,Accessories,7.15
C0824,2026-07-08,Tea,4.28
C0824,2026-01-30,Snacks,4.97
C0824,2025-10-31,Coffee,10.49
C0825,2026-07-19,Coffee,2.97
C0825,2026-01-12,Coffee,4.14
C0825,2026-05-03,Coffee,1.84
C0825,2026-06-01,Snacks,4.49
C0825,2026-01-26,Bakery,3.9
C0825,2025-11-26,Coffee,2.94
C0825,2026-03-10,Bakery,4.83
C0826,2025-12-24,Tea,18.15
C0826,2026-05-06,Accessories,10.24
C0826,2026-05-23,Snacks,17.76
C0826,2026-06-01,Tea,16.97
C0826,2026-04-05,Tea,24.3
C0826,2026-06-09,Snacks,21.82
C0827,2026-07-23,Coffee,34.59
C0827,2026-01-11,Bakery,30.04
C0827,2026-07-25,Bakery,23.73
C0827,2026-06-07,Tea,33.85
C0827,2026-04-17,Accessories,47.93
C0827,2025-09-30,Accessories,33.27
C0827,2026-04-10,Tea,16.78
C0828,2026-04-10,Tea,39.51
C0828,2026-02-16,Snacks,28.14
C0828,2026-07-10,Snacks,48.27
C0828,2026-03-23,Coffee,53.32
C0828,2026-04-25,Snacks,40.62
C0829,2026-03-14,Snacks,19.41
C0829,2026-04-16,Coffee,19.61
C0829,2026-02-12,Snacks,8.13
C0829,2026-01-22,Coffee,13.18
C0829,2026-03-09,Coffee,21.68
C0829,2025-09-29,Coffee,12.69
C0829,2025-12-21,Bakery,22.24
C0829,2026-08-01,Coffee,9.11
C0829,2026-02-01,Coffee,9.58
C0829,2026-03-18,Tea,10.26
C0829,2025-09-19,Coffee,9.21
C0829,2026-08-25,Coffee,12.77
C0829,2025-09-20,Coffee,12.24
C0829,2026-04-24,Accessories,23.81
C0830,2026-04-15,Tea,29.44
C0830,2026-03-09,Tea,40.77
C0830,2026-05-30,Tea,45.54
C0830,2026-07-05,Tea,31.73
C0830,2025-12-18,Tea,26.13
C0830,2025-09-25,Coffee,24.41
C0830,2026-05-05,Coffee,30.16
C0830,2025-10-25,Snacks,17.14
C0831,2026-05-16,Tea,79.06
C0831,2026-01-26,Bakery,37.51
C0831,2026-02-08,Tea,39.38
C0832,2026-02-18,Snacks,5.72
C0832,2026-07-08,Coffee,6.45
C0832,2026-07-11,Coffee,2.33
C0832,2025-12-21,Accessories,4.71
C0832,2026-08-01,Snacks,6.43
C0832,2026-07-01,Snacks,4.62
C0832,2026-07-07,Coffee,5.46
C0832,2026-04-05,Accessories,8.86
C0832,2026-02-23,Tea,3.3
C0832,2025-12-15,Coffee,5.76
C0832,2026-07-02,Accessories,4.29
C0833,2026-08-03,Snacks,28.68
C0833,2026-08-12,Accessories,37.58
C0833,2025-10-26,Snacks,26.9
C0833,2025-12-27,Tea,40.13
C0834,2026-06-16,Coffee,2.89
C0834,2025-10-05,Bakery,4.39
C0834,2026-01-11,Tea,6.42
C0834,2026-05-04,Coffee,4.88
C0834,2026-05-27,Snacks,4.7
C0834,2026-02-22,Snacks,2.13
C0834,2026-08-18,Bakery,6.83
C0834,2026-02-23,Bakery,3.24
C0834,2026-03-28,Coffee,1.92
C0835,2026-08-13,Bakery,8.34
C0835,2026-08-17,Coffee,11
C0835,2026-01-16,Snacks,12.9
C0835,2026-05-04,Tea,5.5
C0835,2026-08-14,Coffee,17.56
C0835,2025-11-14,Snacks,8.28
C0835,2026-06-08,Snacks,12.04
C0835,2026-06-14,Accessories,7.95
C0835,2026-08-19,Bakery,16.27
C0835,2026-08-02,Bakery,9.82
C0836,2025-11-24,Snacks,20.93
C0836,2026-03-03,Coffee,12.15
C0836,2025-10-31,Snacks,30.07
C0836,2025-11-28,Bakery,21.34
C0836,2026-03-30,Accessories,29.61
C0836,2025-12-25,Tea,20.75
C0836,2025-09-06,Snacks,16.75
C0837,2026-01-22,Bakery,7.91
C0837,2026-04-19,Tea,5.81
C0837,2026-07-10,Tea,5.56
C0837,2025-11-15,Accessories,8.8
C0837,2026-04-03,Snacks,9.03
C0837,2025-11-08,Coffee,5.47
C0837,2026-07-06,Coffee,4.32
C0837,2026-07-21,Accessories,5.82
C0837,2026-05-28,Tea,4.45
C0837,2026-08-28,Tea,7.59
C0838,2026-03-14,Coffee,5.76
C0838,2026-03-07,Coffee,7.57
C0838,2026-02-10,Coffee,5.46
C0839,2026-07-19,Coffee,12.47
C0839,2026-07-06,Accessories,6.12
C0839,2026-08-04,Coffee,12.01
C0839,2026-03-24,Coffee,11.47
C0839,2026-08-04,Snacks,10.01
C0839,2026-05-16,Coffee,13.25
C0839,2026-05-04,Coffee,15.2
C0839,2026-02-04,Coffee,6.25
C0840,2025-09-09,Accessories,14.05
C0840,2025-10-26,Coffee,8.05
C0840,2026-03-18,Accessories,19.39
C0840,2026-06-25,Snacks,12.75
C0840,2026-02-02,Snacks,13.57
C0840,2026-05-18,Tea,16.69
C0840,2026-04-09,Coffee,4.96
C0840,2026-04-18,Snacks,12.25
C0840,2025-12-20,Tea,13.99
C0840,2026-05-23,Accessories,13.18
C0841,2025-10-09,Accessories,30.8
C0841,2026-04-24,Bakery,46.13
C0841,2026-05-16,Snacks,14.72
C0841,2025-12-24,Snacks,17.66
C0841,2025-12-11,Coffee,28.18
C0842,2025-09-16,Coffee,6.7
C0842,2026-01-26,Coffee,12.51
C0842,2025-09-10,Snacks,10.61
C0842,2026-03-06,Tea,18.12
C0842,2025-09-17,Accessories,16.77
C0842,2026-02-09,Coffee,12.14
C0842,2025-09-14,Snacks,17.86
C0843,2026-08-22,Accessories,17.24
C0843,2025-09-13,Coffee,8.51
C0843,2025-09-10,Bakery,6.45
C0843,2026-07-07,Bakery,22.75
C0843,2025-12-08,Accessories,16.28
C0843,2026-03-24,Bakery,11.83
C0844,2026-05-22,Snacks,4.58
C0844,2026-03-07,Tea,4.4
C0844,2025-12-24,Snacks,8.57
C0844,2026-03-22,Coffee,3.09
C0845,2026-08-26,Coffee,9.82
C0845,2025-11-04,Coffee,4.64
C0845,2026-07-12,Tea,13
C0845,2026-06-18,Bakery,8.18
C0845,2026-07-24,Snacks,6.59
C0845,2025-11-01,Snacks,6.68
C0845,2025-12-04,Coffee,9.64
C0845,2026-05-20,Bakery,11.4
C0845,2026-05-19,Tea,11.97
C0845,2026-02-26,Snacks,7.6
C0846,2026-04-02,Coffee,29.47
C0846,2026-05-11,Accessories,16.99
C0846,2026-05-04,Tea,19.36
C0846,2026-02-26,Coffee,27.01
C0846,2026-06-12,Coffee,32.96
C0846,2025-12-08,Accessories,18.38
C0846,2026-08-29,Coffee,10.69
C0846,2026-04-13,Snacks,26.71
C0847,2025-10-04,Tea,36.26
C0847,2025-12-10,Accessories,15.48
C0847,2026-05-22,Coffee,18.1
C0847,2026-06-29,Snacks,23.84
C0847,2026-08-22,Snacks,16.71
C0847,2025-10-28,Accessories,12.88
C0847,2025-10-19,Coffee,36.45
C0847,2025-09-29,Snacks,33.58
C0848,2026-06-14,Tea,37.13
C0848,2026-01-20,Snacks,37.15
C0848,2026-02-17,Bakery,46.39
C0848,2025-12-19,Coffee,13.81
C0848,2026-05-02,Bakery,19.89
C0849,2026-03-16,Tea,27.61
C0849,2026-08-15,Accessories,19.67
C0849,2026-03-31,Coffee,15.08
C0849,2026-08-19,Coffee,13.19
C0849,2025-10-04,Coffee,23.45
C0849,2026-05-08,Bakery,7.78
C0849,2026-01-17,Snacks,19.4
C0849,2026-05-04,Coffee,11.78
C0849,2026-05-04,Coffee,18.31
C0849,2026-03-04,Bakery,27.88
C0849,2026-08-15,Bakery,8.84
C0849,2025-12-02,Tea,22.78
C0849,2025-11-04,Tea,22.4
C0849,2026-02-09,Bakery,12.79
C0850,2026-05-18,Bakery,10.37
C0850,2026-03-07,Bakery,14.72
C0850,2026-01-21,Snacks,10.75
C0851,2025-10-19,Coffee,16.16
C0851,2025-11-08,Coffee,8.52
C0851,2025-09-04,Accessories,8.87
C0851,2025-12-06,Tea,8.38
C0851,2026-05-11,Coffee,17.36
C0851,2026-04-17,Coffee,13.14
C0851,2025-10-25,Coffee,7.26
C0851,2025-12-17,Accessories,10.48
C0851,2026-03-22,Coffee,17.84
C0851,2026-01-16,Coffee,5.84
C0852,2026-05-09,Coffee,1.5
C0852,2026-06-28,Snacks,1.5
C0852,2025-12-01,Coffee,1.5
C0852,2025-10-07,Coffee,1.5
C0852,2026-06-18,Coffee,1.5
C0852,2025-09-25,Snacks,1.5
C0853,2026-04-19,Tea,6.04
C0853,2025-11-04,Snacks,5.34
C0853,2026-04-13,Coffee,3.55
C0853,2025-11-19,Snacks,4.3
C0853,2026-05-10,Accessories,6.02
C0854,2025-09-24,Bakery,34.25
C0854,2026-04-24,Bakery,28.09
C0854,2025-10-20,Coffee,35.76
C0854,2026-03-16,Coffee,33.32
C0855,2025-11-19,Snacks,7.61
C0855,2026-04-26,Bakery,6.71
C0855,2026-08-05,Coffee,19.43
C0855,2026-07-08,Accessories,19.63
C0855,2026-07-29,Accessories,8.99
C0856,2026-05-16,Tea,30.29
C0856,2026-07-15,Accessories,38.08
C0856,2026-06-10,Bakery,15.76
C0856,2026-03-27,Snacks,40.91
C0857,2026-04-01,Tea,10.64
C0857,2026-06-16,Coffee,4.3
C0857,2026-07-13,Snacks,6.16
C0857,2025-11-02,Snacks,5.18
C0857,2025-09-26,Coffee,6.94
C0857,2026-06-29,Coffee,8.89
C0857,2026-01-25,Snacks,11.72
C0857,2026-08-02,Accessories,12.18
C0857,2026-06-13,Coffee,7.27
C0857,2025-09-04,Snacks,3.42
C0857,2026-08-11,Coffee,6.87
C0858,2026-08-02,Coffee,10.35
C0858,2025-09-19,Tea,22.28
C0858,2026-02-04,Accessories,27.53
C0858,2025-09-13,Bakery,12.24
C0858,2026-02-01,Accessories,21.13
C0858,2026-01-06,Tea,26.1
C0858,2026-04-29,Bakery,30.21
C0858,2026-02-26,Coffee,27.62
C0859,2025-12-18,Tea,33.41
C0859,2025-11-23,Bakery,25.98
C0859,2026-01-23,Snacks,39.58
C0859,2026-08-07,Accessories,32.87
C0860,2025-12-03,Coffee,32.62
C0860,2026-08-13,Coffee,25.91
C0860,2026-08-20,Coffee,10.45
C0860,2026-01-31,Tea,17.93
C0860,2026-06-18,Bakery,26.01
C0860,2026-05-22,Accessories,31.52
C0860,2025-10-15,Coffee,28.37
C0860,2026-01-02,Coffee,15.32
C0860,2026-07-26,Accessories,27.61
C0861,2026-03-25,Bakery,43.99
C0861,2025-09-24,Accessories,14.58
C0861,2026-07-18,Coffee,26.21
C0861,2025-09-06,Coffee,19.31
C0862,2026-02-05,Tea,7.25
C0862,2025-10-31,Snacks,19.2
C0862,2025-10-18,Tea,17.11
C0862,2026-02-18,Snacks,18.58
C0862,2025-10-12,Bakery,5.46
C0862,2026-06-22,Tea,16.45
C0862,2026-03-06,Tea,8.31
C0862,2026-06-03,Snacks,16.27
C0862,2025-11-21,Tea,8.94
C0862,2026-05-07,Bakery,17.95
C0863,2026-07-30,Coffee,4.73
C0863,2026-07-30,Snacks,6.15
C0863,2026-01-28,Coffee,13.96
C0863,2026-08-11,Coffee,11.98
C0863,2026-02-03,Coffee,11.11
C0863,2026-05-19,Coffee,12.84
C0863,2025-10-11,Accessories,16.42
C0863,2026-02-20,Coffee,9.71
C0863,2026-05-17,Coffee,6.88
C0864,2025-09-24,Bakery,4.1
C0864,2026-05-07,Bakery,5.77
C0864,2026-05-10,Accessories,3.79
C0864,2026-02-10,Bakery,4.66
C0864,2025-12-29,Coffee,7.48
C0865,2025-10-23,Bakery,11.62
C0865,2026-06-29,Snacks,13.88
C0865,2025-10-31,Coffee,10.27
C0865,2026-05-25,Tea,27.69
C0865,2026-06-10,Bakery,15.36
C0865,2025-12-20,Tea,18.07
C0865,2025-12-03,Bakery,10.09
C0865,2026-05-22,Bakery,10.73
C0866,2026-06-28,Bakery,1.99
C0866,2026-04-22,Coffee,2.27
C0866,2025-10-29,Coffee,3.67
C0867,2026-04-21,Accessories,25.63
C0867,2025-12-26,Tea,32.91
C0867,2025-10-14,Coffee,11.3
C0867,2026-02-05,Tea,29.73
C0867,2026-03-02,Coffee,11.78
C0867,2025-09-30,Accessories,14.97
C0867,2025-12-05,Bakery,45.21
C0867,2025-12-24,Snacks,41.75
C0867,2026-08-05,Accessories,27.28
C0867,2025-10-02,Tea,17.5
C0868,2026-06-14,Snacks,14.83
C0868,2026-01-07,Tea,20.12
C0868,2026-05-21,Coffee,21.51
C0868,2025-09-04,Tea,21.22
C0868,2026-03-13,Bakery,15.25
C0868,2025-11-03,Coffee,27.02
C0868,2026-05-27,Coffee,27.43
C0869,2026-02-02,Snacks,3.18
C0869,2026-04-17,Coffee,7.37
C0869,2025-12-18,Snacks,8.71
C0869,2026-04-12,Coffee,4.03
C0869,2026-07-10,Coffee,5.01
C0869,2025-10-08,Coffee,4.06
C0869,2026-04-25,Bakery,3.94
C0869,2026-03-30,Coffee,7.62
C0869,2026-02-03,Bakery,5.94
C0869,2026-01-26,Snacks,7.32
C0869,2026-05-19,Coffee,6.28
C0869,2026-05-24,Bakery,8.99
C0869,2026-01-13,Coffee,8.24
C0870,2026-05-10,Coffee,13.1
C0870,2026-05-26,Coffee,13.97
C0870,2026-07-14,Snacks,9.87
C0870,2026-01-16,Bakery,19.04
C0870,2026-03-10,Accessories,17.2
C0870,2026-05-28,Coffee,6.33
C0870,2026-01-29,Bakery,17.58
C0870,2026-05-26,Bakery,8.31
C0870,2025-12-07,Coffee,8.34
C0871,2025-10-20,Accessories,25.71
C0871,2025-09-16,Coffee,23.2
C0871,2025-10-15,Snacks,26.51
C0871,2026-08-11,Coffee,21.33
C0871,2025-09-25,Coffee,34.87
C0871,2026-07-30,Coffee,27.96
C0871,2026-03-30,Bakery,24.2
C0871,2026-03-05,Coffee,26.3
C0871,2026-06-02,Snacks,24.4
C0871,2025-12-07,Coffee,19.87
C0871,2025-11-10,Coffee,25.33
C0871,2025-11-10,Coffee,31.77
C0871,2026-07-07,Tea,18.67
C0871,2025-11-11,Snacks,34.05
C0872,2026-08-18,Tea,3.5
C0872,2026-07-12,Bakery,4.62
C0872,2026-05-15,Accessories,6.23
C0872,2026-02-07,Coffee,6.92
C0872,2026-03-20,Bakery,3.97
C0872,2025-10-26,Bakery,4.47
C0873,2025-11-03,Snacks,18.86
C0873,2025-11-24,Coffee,16.1
C0873,2025-09-20,Coffee,16.94
C0873,2026-06-22,Accessories,20.93
C0873,2025-11-02,Snacks,31.26
C0873,2026-07-20,Bakery,28.02
C0874,2026-05-02,Accessories,3.13
C0874,2025-09-27,Tea,6.62
C0874,2025-12-30,Tea,4.78
C0875,2026-07-05,Accessories,39.25
C0875,2026-07-02,Snacks,20.59
C0875,2026-06-12,Snacks,19.97
C0875,2026-04-19,Bakery,43.73
C0875,2026-05-20,Snacks,44.04
C0875,2026-03-29,Accessories,14.4
C0875,2026-05-21,Coffee,12
C0875,2025-10-03,Accessories,28.09
C0875,2025-11-30,Coffee,24.67
C0875,2025-10-12,Tea,40.65
C0875,2026-03-29,Snacks,15.64
C0876,2026-02-02,Coffee,5.41
C0876,2026-03-10,Bakery,10.96
C0876,2026-08-12,Accessories,10.42
C0876,2025-10-25,Accessories,3.31
C0876,2026-04-08,Coffee,5.22
C0876,2026-04-23,Coffee,7.72
C0876,2026-03-18,Coffee,8.8
C0876,2026-05-21,Coffee,9.3
C0876,2025-10-19,Bakery,7.55
C0876,2025-11-24,Coffee,9.14
C0877,2026-04-01,Coffee,20.8
C0877,2026-05-12,Tea,37.46
C0877,2026-05-24,Tea,41.63
C0877,2026-08-26,Snacks,34.14
C0877,2026-04-18,Snacks,35.05
C0877,2026-08-02,Accessories,46.03
C0878,2026-01-07,Tea,24.68
C0878,2025-11-30,Coffee,25.36
C0878,2026-07-26,Accessories,33.46
C0878,2026-04-27,Coffee,14.38
C0878,2026-01-07,Bakery,16.29
C0878,2025-11-30,Bakery,11.9
C0878,2025-11-27,Snacks,23.72
C0879,2026-04-18,Tea,6.16
C0879,2026-04-04,Coffee,5.99
C0879,2026-02-18,Coffee,5.63
C0879,2025-09-23,Accessories,4.32
C0879,2025-12-29,Snacks,8.02
C0879,2026-08-20,Accessories,14.12
C0879,2026-06-01,Accessories,4.47
C0879,2026-01-08,Coffee,5.85
C0879,2026-04-18,Coffee,3.36
C0879,2026-07-04,Snacks,9.49
C0879,2025-09-03,Tea,6.46
C0880,2026-07-26,Snacks,5.64
C0880,2026-06-01,Snacks,7.5
C0880,2026-06-26,Bakery,12.33
C0880,2026-01-03,Snacks,13.28
C0880,2026-07-14,Bakery,15.16
C0880,2026-07-02,Bakery,9.11
C0880,2025-12-09,Coffee,13.61
C0881,2026-05-23,Accessories,43.84
C0881,2025-12-22,Accessories,56.2
C0881,2025-12-29,Snacks,69.28
C0881,2025-11-13,Tea,72.79
C0881,2025-09-14,Bakery,54.6
C0881,2025-12-18,Bakery,43.31
C0881,2026-05-20,Snacks,55.85
C0881,2025-10-04,Coffee,25.34
C0882,2026-03-17,Coffee,13.3
C0882,2026-07-09,Bakery,33.28
C0882,2026-03-20,Coffee,14.6
C0882,2025-10-24,Accessories,17.2
C0882,2026-04-24,Coffee,19.21
C0882,2026-08-17,Tea,14.58
C0882,2025-11-20,Tea,29.27
C0882,2026-05-26,Coffee,25.93
C0883,2026-04-29,Coffee,4.18
C0883,2026-02-25,Coffee,5.2
C0883,2026-07-05,Bakery,4.62
C0883,2025-11-15,Coffee,4.76
C0883,2026-05-22,Coffee,5.61
C0883,2025-10-24,Accessories,4.05
C0883,2026-01-09,Coffee,3.91
C0883,2026-05-28,Coffee,4.24
C0883,2026-04-13,Coffee,5.79
C0883,2025-12-30,Coffee,5.31
C0884,2026-03-10,Coffee,13.38
C0884,2026-02-12,Coffee,18.25
C0884,2025-09-18,Bakery,19.74
C0884,2025-12-12,Tea,25.36
C0885,2026-05-07,Snacks,3.36
C0885,2025-09-19,Coffee,9.23
C0885,2026-08-22,Snacks,11.59
C0885,2026-08-11,Coffee,5.15
C0886,2026-06-10,Coffee,13.09
C0886,2025-11-12,Coffee,12.98
C0886,2025-12-09,Accessories,16.78
C0886,2026-04-07,Coffee,11.93
C0886,2026-08-18,Coffee,9.81
C0886,2025-12-30,Coffee,5.53
C0886,2026-03-21,Coffee,10.92
C0886,2026-03-27,Coffee,5.75
C0887,2026-08-03,Bakery,20.32
C0887,2026-03-16,Bakery,32.25
C0887,2026-06-23,Snacks,13.91
C0887,2025-09-13,Accessories,17.22
C0887,2026-08-12,Accessories,13.7
C0887,2026-05-11,Coffee,21.84
C0887,2026-07-21,Accessories,30.71
C0888,2025-11-15,Bakery,8.44
C0888,2025-10-10,Bakery,9.65
C0888,2026-06-28,Tea,9.68
C0888,2025-12-08,Snacks,12.69
C0889,2026-05-23,Coffee,5.56
C0889,2026-01-13,Coffee,8.97
C0889,2025-09-09,Coffee,7.4
C0889,2025-09-16,Coffee,6.45
C0889,2026-04-12,Tea,7.12
C0889,2025-09-02,Accessories,6.84
C0890,2025-12-12,Accessories,3.81
C0890,2026-04-10,Coffee,10.38
C0891,2025-12-15,Coffee,7.75
C0891,2026-03-16,Coffee,16.55
C0891,2026-06-18,Accessories,17.63
C0891,2026-04-11,Coffee,6.36
C0891,2026-03-01,Coffee,12.82
C0891,2026-05-20,Coffee,6.28
C0891,2026-05-18,Coffee,6.37
C0891,2026-07-07,Bakery,5.96
C0891,2026-02-28,Coffee,11.71
C0892,2026-07-07,Coffee,17.44
C0892,2026-06-04,Coffee,9.48
C0892,2025-09-14,Tea,29.02
C0893,2026-07-02,Snacks,21.8
C0893,2026-08-10,Tea,39.07
C0894,2025-10-15,Coffee,32.82
C0894,2026-08-19,Accessories,11.43
C0894,2026-03-10,Coffee,28.07
C0894,2025-09-20,Bakery,17.76
C0894,2025-09-09,Coffee,10.22
C0894,2026-04-01,Coffee,16.91
C0894,2025-10-07,Accessories,39.29
C0894,2026-01-04,Coffee,17.71
C0895,2025-12-29,Accessories,22.22
C0895,2026-08-31,Bakery,16.79
C0895,2025-12-25,Tea,18.82
C0895,2026-05-09,Coffee,7.76
C0895,2026-03-27,Snacks,19.43
C0895,2026-01-20,Bakery,31.2
C0895,2026-05-08,Accessories,25.56
C0896,2026-01-11,Coffee,24.92
C0896,2026-01-11,Accessories,52.91
C0896,2025-11-10,Coffee,45.65
C0896,2026-04-04,Tea,55.37
C0896,2026-07-17,Coffee,22.16
C0896,2026-07-31,Coffee,62.71
C0896,2026-02-17,Accessories,37.34
C0897,2026-05-17,Coffee,10.78
C0897,2026-06-02,Coffee,13.4
C0897,2026-05-05,Coffee,8.45
C0897,2025-10-03,Snacks,11.6
C0897,2026-04-23,Snacks,5.13
C0897,2026-02-10,Coffee,9.03
C0897,2026-06-19,Snacks,11.85
C0898,2026-01-26,Coffee,29.97
C0898,2026-05-08,Tea,65.99
C0898,2026-07-15,Tea,32.79
C0898,2026-08-02,Accessories,59.87
C0898,2026-01-05,Coffee,24.32
C0898,2025-10-25,Coffee,53.04
C0898,2026-05-19,Coffee,62.96
C0898,2026-05-28,Snacks,25.1
C0898,2025-09-20,Tea,54.04
C0899,2026-03-30,Accessories,24
C0899,2025-10-21,Snacks,19.75
C0899,2026-07-30,Snacks,23.96
C0899,2026-03-07,Snacks,23.49
C0899,2025-10-06,Coffee,17.53
C0899,2026-02-25,Snacks,9.07
C0900,2026-03-01,Tea,32.37
C0900,2026-03-22,Bakery,12.14
C0900,2025-09-11,Coffee,23.4
C0900,2026-08-06,Snacks,16.26
C0900,2026-08-23,Coffee,10.51
C0901,2026-08-19,Coffee,17.95
C0901,2026-03-04,Coffee,20.3
C0901,2026-04-06,Bakery,21.42
C0901,2026-06-05,Snacks,11.07
C0901,2026-05-17,Accessories,21.11
C0901,2026-07-20,Tea,17.67
C0901,2025-09-24,Bakery,9.4
C0901,2025-11-13,Coffee,10.8
C0901,2026-08-21,Accessories,19.1
C0901,2025-12-19,Coffee,8.11
C0901,2025-10-01,Tea,25.76
C0902,2025-11-15,Coffee,21.63
C0902,2025-12-30,Accessories,17.41
C0902,2026-04-12,Coffee,13.84
C0902,2025-09-04,Accessories,17.74
C0902,2025-09-05,Coffee,19.8
C0903,2026-05-27,Accessories,33.56
C0903,2025-09-09,Coffee,8.14
C0903,2025-12-01,Bakery,18.88
C0903,2026-02-08,Snacks,30.07
C0903,2025-10-14,Bakery,9.63
C0903,2025-11-23,Bakery,28.23
C0903,2026-05-18,Snacks,21.01
C0903,2026-08-17,Accessories,12.78
C0904,2026-04-09,Bakery,8.56
C0904,2026-04-13,Coffee,23.07
C0904,2025-10-29,Coffee,14.82
C0904,2025-11-30,Coffee,23.8
C0904,2026-06-30,Snacks,18.48
C0904,2026-08-05,Coffee,21.25
C0904,2026-01-03,Snacks,18.81
C0904,2026-06-02,Tea,21.58
C0904,2025-12-28,Coffee,6.44
C0905,2025-10-21,Tea,25.04
C0905,2026-03-21,Coffee,24.39
C0905,2026-01-26,Bakery,19.16
C0905,2025-09-22,Tea,29.19
C0905,2026-01-01,Bakery,25.11
C0905,2026-05-31,Bakery,21.19
C0905,2026-08-16,Tea,35.94
C0905,2025-12-15,Coffee,9.2
C0905,2026-04-15,Tea,24.44
C0906,2025-12-18,Coffee,16.51
C0906,2025-12-13,Accessories,8.21
C0906,2026-02-27,Accessories,21.18
C0906,2026-06-03,Bakery,20.62
C0906,2026-03-22,Coffee,14.88
C0906,2026-06-30,Snacks,23.52
C0907,2026-06-17,Bakery,14.13
C0907,2025-10-27,Coffee,26.44
C0907,2026-04-25,Snacks,33.06
C0907,2026-05-21,Coffee,19.38
C0907,2025-12-30,Bakery,10.84
C0907,2026-05-27,Bakery,12.35
C0908,2026-07-06,Tea,1.5
C0908,2026-03-13,Coffee,1.5
C0908,2026-02-13,Accessories,1.5
C0908,2025-11-28,Coffee,1.5
C0908,2025-09-19,Coffee,1.5
C0908,2025-09-07,Coffee,1.5
C0908,2025-09-03,Coffee,1.5
C0908,2025-10-20,Coffee,1.5
C0908,2026-06-07,Accessories,1.79
C0908,2026-08-19,Bakery,1.5
C0908,2026-04-24,Snacks,1.66
C0908,2026-02-03,Accessories,1.5
C0909,2025-11-26,Coffee,19.62
C0909,2026-01-20,Bakery,14.16
C0909,2026-08-05,Coffee,25.73
C0909,2026-07-01,Snacks,13.02
C0909,2026-01-05,Bakery,22.49
C0909,2026-07-07,Accessories,33.9
C0909,2026-01-26,Snacks,26.43
C0909,2025-12-01,Accessories,29.06
C0909,2025-11-28,Coffee,27.23
C0909,2026-04-30,Accessories,13.61
C0909,2025-12-21,Coffee,12.53
C0910,2026-07-15,Coffee,7.77
C0910,2025-12-23,Accessories,22.59
C0910,2026-07-01,Coffee,7.81
C0910,2026-08-15,Coffee,13.25
C0910,2026-07-14,Coffee,17.66
C0910,2026-07-09,Tea,8.65
C0910,2026-03-04,Coffee,7.18
C0910,2025-11-25,Coffee,10.04
C0911,2026-06-03,Bakery,1.5
C0911,2026-06-04,Bakery,1.5
C0911,2025-09-08,Accessories,1.5
C0911,2025-12-13,Bakery,1.5
C0912,2026-01-23,Coffee,3.66
C0912,2025-12-22,Snacks,8.73
C0912,2025-09-24,Coffee,4.08
C0912,2025-10-07,Snacks,5.36
C0912,2026-01-03,Coffee,5.17
C0912,2026-01-19,Coffee,6.42
C0912,2026-08-23,Coffee,4.67
C0913,2026-05-07,Coffee,22.68
C0913,2026-02-19,Coffee,13.71
C0913,2026-02-06,Accessories,27.41
C0913,2026-04-15,Tea,18.93
C0913,2026-04-10,Bakery,36.67
C0913,2025-10-12,Accessories,48.81
C0914,2026-02-01,Tea,18.51
C0914,2026-03-09,Tea,29.83
C0914,2026-04-05,Tea,17.46
C0914,2026-08-14,Accessories,19.48
C0914,2025-09-19,Accessories,21.52
C0914,2025-12-17,Coffee,13.36
C0914,2026-01-21,Snacks,14.9
C0914,2026-03-29,Snacks,23.4
C0914,2025-10-15,Bakery,9.5
C0914,2026-03-14,Snacks,32.72
C0914,2025-10-10,Coffee,11.67
C0915,2025-10-06,Tea,32.8
C0915,2026-06-23,Bakery,39.39
C0915,2025-09-29,Accessories,31.59
C0916,2025-11-20,Bakery,20.13
C0916,2026-07-17,Coffee,29.51
C0916,2025-09-21,Tea,14.25
C0916,2026-08-22,Bakery,39.34
C0916,2026-08-24,Coffee,13.49
C0916,2026-08-23,Coffee,30.95
C0916,2026-02-15,Bakery,29.44
C0916,2025-11-28,Tea,20.1
C0916,2026-03-29,Tea,15.44
C0916,2025-12-21,Coffee,10.88
C0917,2025-09-27,Coffee,3.6
C0917,2026-01-09,Bakery,6.2
C0917,2026-04-08,Tea,10.7
C0917,2025-10-29,Snacks,13.07
C0918,2025-09-16,Snacks,12.11
C0918,2026-07-22,Coffee,14.16
C0918,2025-10-25,Snacks,19.45
C0918,2025-10-31,Bakery,13.66
C0918,2026-07-10,Snacks,11.92
C0918,2026-03-30,Tea,21.07
C0918,2026-05-12,Coffee,8.01
C0918,2025-11-26,Coffee,14.33
C0919,2026-08-04,Tea,14.47
C0919,2025-10-11,Snacks,24.77
C0919,2026-06-10,Bakery,17.52
C0919,2026-05-30,Bakery,10.19
C0919,2026-08-06,Snacks,9.17
C0920,2026-05-28,Coffee,16.71
C0920,2026-02-06,Accessories,15.1
C0920,2026-03-08,Tea,6.96
C0920,2026-03-22,Snacks,19.11
C0920,2026-06-24,Bakery,8.24
C0921,2026-05-04,Tea,32.78
C0921,2026-05-01,Bakery,29.27
C0921,2026-03-26,Accessories,34.11
C0921,2026-03-24,Coffee,23.53
C0921,2026-01-16,Snacks,33.79
C0921,2025-12-16,Bakery,23.57
C0921,2026-06-04,Tea,30.69
C0921,2026-05-30,Tea,30.92
C0922,2026-02-14,Bakery,10.75
C0922,2026-05-31,Coffee,21.21
C0922,2026-06-04,Snacks,16.52
C0922,2025-11-22,Tea,9.37
C0922,2026-03-10,Accessories,25.71
C0922,2026-07-17,Tea,12.45
C0922,2026-05-16,Bakery,9.71
C0923,2026-01-25,Tea,20.56
C0923,2026-05-15,Tea,8.31
C0923,2025-10-07,Bakery,13.03
C0923,2026-08-22,Coffee,12.14
C0923,2026-05-17,Bakery,15.56
C0923,2026-04-26,Tea,17.45
C0923,2026-06-16,Tea,16.45
C0923,2026-05-18,Coffee,16.02
C0923,2026-06-14,Tea,18.74
C0923,2026-05-27,Accessories,23.34
C0924,2025-09-15,Bakery,24.33
C0924,2026-07-16,Tea,16.46
C0924,2026-06-13,Coffee,24.3
C0925,2026-02-06,Coffee,7.59
C0925,2026-04-19,Tea,6.81
C0925,2025-09-28,Coffee,11.64
C0925,2026-05-18,Coffee,8.88
C0925,2026-05-27,Accessories,7.13
C0925,2026-02-25,Accessories,5.97
C0925,2026-08-03,Coffee,12.46
